-- MySQL dump 10.13  Distrib 9.6.0, for Win64 (x86_64)
--
-- Host: localhost    Database: nova_1
-- ------------------------------------------------------
-- Server version	9.6.0

/*!40101 SET @OLD_CHARACTER_SET_CLIENT=@@CHARACTER_SET_CLIENT */;
/*!40101 SET @OLD_CHARACTER_SET_RESULTS=@@CHARACTER_SET_RESULTS */;
/*!40101 SET @OLD_COLLATION_CONNECTION=@@COLLATION_CONNECTION */;
/*!50503 SET NAMES utf8mb4 */;
/*!40103 SET @OLD_TIME_ZONE=@@TIME_ZONE */;
/*!40103 SET TIME_ZONE='+00:00' */;
/*!40014 SET @OLD_UNIQUE_CHECKS=@@UNIQUE_CHECKS, UNIQUE_CHECKS=0 */;
/*!40014 SET @OLD_FOREIGN_KEY_CHECKS=@@FOREIGN_KEY_CHECKS, FOREIGN_KEY_CHECKS=0 */;
/*!40101 SET @OLD_SQL_MODE=@@SQL_MODE, SQL_MODE='NO_AUTO_VALUE_ON_ZERO' */;
/*!40111 SET @OLD_SQL_NOTES=@@SQL_NOTES, SQL_NOTES=0 */;

--
-- Table structure for table `ai_prompt_config`
--

DROP TABLE IF EXISTS `ai_prompt_config`;
/*!40101 SET @saved_cs_client     = @@character_set_client */;
/*!50503 SET character_set_client = utf8mb4 */;
CREATE TABLE `ai_prompt_config` (
  `id` int NOT NULL AUTO_INCREMENT,
  `bloom_instruction` text,
  `bucket` varchar(255) NOT NULL,
  `grammar_focus` text,
  `lexical_complexity` varchar(255) DEFAULT NULL,
  `question_types_ratio` text,
  `skills` text,
  `speaking_constraint` text,
  `writing_constraint` text,
  `speaking_rubric_json` text,
  `writing_rubric_json` text,
  PRIMARY KEY (`id`),
  UNIQUE KEY `UKntamiq2bbbmc8chnh52jner4s` (`bucket`)
) ENGINE=InnoDB AUTO_INCREMENT=4 DEFAULT CHARSET=utf8mb4 COLLATE=utf8mb4_0900_ai_ci;
/*!40101 SET character_set_client = @saved_cs_client */;

--
-- Dumping data for table `ai_prompt_config`
--

LOCK TABLES `ai_prompt_config` WRITE;
/*!40000 ALTER TABLE `ai_prompt_config` DISABLE KEYS */;
INSERT INTO `ai_prompt_config` VALUES (1,'Focus on simple sentence structure.','beginner','[\"Present Simple\",\"Past Simple\",\"Pronouns\"]','Academic',NULL,'[]','','',NULL,NULL),(2,'Encourage complex sentences.','Intermediate','[\"Present Perfect\", \"Passive Voice\", \"Relative Clauses\"]',NULL,'{\"MULTIPLE_CHOICE\": 50, \"WRITING\": 50}','[\"READING\", \"LISTENING\", \"WRITING\", \"SPEAKING\"]',NULL,NULL,NULL,NULL),(3,'Focus on nuance and academic vocabulary.','advanced','[\"Conditionals\",\"Subjunctive\",\"Inversions\"]','Advanced','{\"MULTIPLE_CHOICE_SINGLE\":0.17,\"MULTIPLE_CHOICE_MULTI\":0.17,\"FILL_IN_BLANK\":0.17,\"MATCHING\":0.17,\"WRITING\":0.16,\"SPEAKING\":0.16}','[\"LISTENING\",\"READING\",\"WRITING\",\"SPEAKING\"]','','no slang ',NULL,NULL);
/*!40000 ALTER TABLE `ai_prompt_config` ENABLE KEYS */;
UNLOCK TABLES;

--
-- Table structure for table `answer_option`
--

DROP TABLE IF EXISTS `answer_option`;
/*!40101 SET @saved_cs_client     = @@character_set_client */;
/*!50503 SET character_set_client = utf8mb4 */;
CREATE TABLE `answer_option` (
  `answer_option_id` int NOT NULL AUTO_INCREMENT,
  `question_id` int NOT NULL,
  `title` text,
  `correct_answer` tinyint(1) DEFAULT NULL,
  `match_target` varchar(500) DEFAULT NULL,
  `order_index` int DEFAULT NULL,
  PRIMARY KEY (`answer_option_id`),
  KEY `question_id` (`question_id`),
  CONSTRAINT `answer_option_ibfk_1` FOREIGN KEY (`question_id`) REFERENCES `question` (`question_id`) ON DELETE CASCADE
) ENGINE=InnoDB AUTO_INCREMENT=415 DEFAULT CHARSET=utf8mb4 COLLATE=utf8mb4_0900_ai_ci;
/*!40101 SET character_set_client = @saved_cs_client */;

--
-- Dumping data for table `answer_option`
--

LOCK TABLES `answer_option` WRITE;
/*!40000 ALTER TABLE `answer_option` DISABLE KEYS */;
INSERT INTO `answer_option` VALUES (1,1,'A history book about the Middle Ages',1,NULL,1),(2,1,'A science journal',0,NULL,2),(3,1,'A map of the city',0,NULL,3),(4,3,'Minor',0,NULL,1),(5,3,'Significant',1,NULL,2),(6,3,'Negative',0,NULL,3),(7,5,'3',0,NULL,1),(8,5,'5',1,NULL,2),(9,5,'15',0,NULL,3),(10,6,'quit',1,NULL,1),(11,6,'stop',1,NULL,2),(12,6,'give up',1,NULL,3),(13,7,'PC',0,NULL,0),(14,7,'Handheld',0,NULL,1),(15,7,'Gaming Console',1,NULL,2),(16,7,'Mobile',0,NULL,3),(17,9,'Improved cognitive skills',1,NULL,0),(18,9,'Better physical health',0,NULL,1),(19,9,'Entertainment',1,NULL,2),(20,9,'Social isolation',1,NULL,3),(21,10,'FPS',0,'First-Person Shooter',0),(22,10,'First-Person Shooter',0,NULL,3),(23,10,'RPG',0,'Role-Playing Game',1),(24,10,'Role-Playing Game',0,NULL,4),(25,10,'MMO',0,'Massively Multiplayer Online',2),(26,10,'Massively Multiplayer Online',0,NULL,5),(27,12,'Price',0,NULL,0),(28,12,'Upgradability',1,NULL,1),(29,12,'Portability',0,NULL,2),(30,12,'Graphics quality',0,NULL,3),(31,15,'Minecraft',1,NULL,0),(32,15,'Grand Theft Auto V',1,NULL,1),(33,15,'The Last of Us',0,NULL,2),(34,15,'PlayerUnknown\'s Battlegrounds',1,NULL,3),(35,16,'Noob',0,NULL,0),(36,16,'Pro player',1,NULL,1),(37,16,'Gamer',0,NULL,2),(38,16,'Newbie',0,NULL,3),(39,19,'Gamepad',1,NULL,0),(40,19,'Joystick',1,NULL,1),(41,19,'Keyboard',0,NULL,2),(42,19,'Steering wheel',1,NULL,3),(43,22,'a',1,NULL,NULL),(44,22,'b',0,NULL,NULL),(45,22,'c',0,NULL,NULL),(46,22,'d',0,NULL,NULL),(47,23,'England',1,NULL,0),(48,23,'France',0,NULL,1),(49,23,'Germany',0,NULL,2),(50,23,'Spain',0,NULL,3),(51,24,'Watch TV',0,NULL,0),(52,24,'Read books',1,NULL,1),(53,24,'Play football',0,NULL,2),(54,24,'Cook dinner',0,NULL,3),(55,25,'A book about history',1,NULL,0),(56,25,'A book about science',0,NULL,1),(57,25,'A book about sports',0,NULL,2),(58,25,'A book about music',0,NULL,3),(59,26,'Read books',0,NULL,0),(60,26,'Watch TV',1,NULL,1),(61,26,'Play football',0,NULL,2),(62,26,'Cook dinner',0,NULL,3),(63,27,'Teacher',0,NULL,0),(64,27,'Student',1,NULL,1),(65,27,'Doctor',0,NULL,2),(66,27,'Engineer',0,NULL,3),(67,28,'Play football',0,NULL,0),(68,28,'Watch TV',0,NULL,1),(69,28,'Cook dinner',1,NULL,2),(70,28,'Read books',0,NULL,3),(71,29,'Watch TV',0,NULL,0),(72,29,'Read books',0,NULL,1),(73,29,'Play football',1,NULL,2),(74,29,'Cook dinner',0,NULL,3),(75,30,'Max',1,NULL,0),(76,30,'Sam',0,NULL,1),(77,30,'Tom',0,NULL,2),(78,30,'Alex',0,NULL,3),(79,31,'Play football',0,NULL,0),(80,31,'Watch TV',0,NULL,1),(81,31,'Take for a walk',1,NULL,2),(82,31,'Read books',0,NULL,3),(83,32,'Aggressive',0,NULL,0),(84,32,'Friendly',1,NULL,1),(85,32,'Lazy',0,NULL,2),(86,32,'Sad',0,NULL,3),(87,33,'Soccer',1,NULL,0),(88,33,'Basketball',0,NULL,1),(89,33,'Tennis',0,NULL,2),(90,33,'Golf',0,NULL,3),(91,34,'A goal',1,NULL,0),(92,34,'A point',0,NULL,1),(93,34,'A game',0,NULL,2),(94,34,'A tournament',0,NULL,3),(95,35,'A sandwich',0,NULL,0),(96,35,'A salad',0,NULL,1),(97,35,'A burger',1,NULL,2),(98,35,'A pizza',0,NULL,3),(99,36,'His enemies',0,NULL,0),(100,36,'His friends',0,NULL,1),(101,36,'His best friends',1,NULL,2),(102,36,'His parents',0,NULL,3),(103,37,'The city\'s historic landmarks',1,NULL,0),(104,37,'The city\'s cultural scene',0,NULL,1),(105,37,'The city\'s modern infrastructure',0,NULL,2),(106,37,'The city\'s local residents',0,NULL,3),(107,38,'The British Museum',1,NULL,0),(108,38,'The National Gallery',0,NULL,1),(109,38,'The Tate Modern',0,NULL,2),(110,38,'The Natural History Museum',0,NULL,3),(111,39,'They have been demolished',0,NULL,0),(112,39,'They have been restored and converted into modern offices and apartments',1,NULL,1),(113,39,'They have been left abandoned',0,NULL,2),(114,39,'They have been sold to private investors',0,NULL,3),(115,40,'The construction has had no impact on the neighborhoods',0,NULL,0),(116,40,'The construction has improved the neighborhoods',0,NULL,1),(117,40,'The construction has affected the neighborhoods, and many local residents have been concerned',1,NULL,2),(118,40,'The construction has been stopped due to the concerns of the local residents',0,NULL,3),(119,41,'The city\'s historic landmarks have been visited by millions of tourists, who have been fascinated by them',0,NULL,0),(120,41,'The city\'s historic landmarks have been fascinating for millions of tourists, who have visited them',0,NULL,1),(121,41,'The city\'s historic landmarks have been visited by millions of tourists, who have been fascinated by the landmarks',0,NULL,2),(122,41,'The city\'s historic landmarks have been fascinating for millions of tourists, who have been visiting them',1,NULL,3),(123,42,'A book',0,NULL,0),(124,42,'A word',1,NULL,1),(125,42,'A game',0,NULL,2),(126,42,'A computer',0,NULL,3),(127,43,'To watch movies',0,NULL,0),(128,43,'To play games',1,NULL,1),(129,43,'To read books',0,NULL,2),(130,43,'To listen to music',0,NULL,3),(131,44,'Every day',0,NULL,0),(132,44,'Sometimes',1,NULL,1),(133,44,'Never',0,NULL,2),(134,44,'Always',0,NULL,3),(135,45,'Last month',0,NULL,0),(136,45,'Last week',1,NULL,1),(137,45,'Yesterday',0,NULL,2),(138,45,'Today',0,NULL,3),(139,46,'Reading books',0,NULL,0),(140,46,'Playing games',1,NULL,1),(141,46,'Watching movies',0,NULL,2),(142,46,'Listening to music',0,NULL,3),(143,47,'It is a simple matter of memorization',0,NULL,0),(144,47,'It involves understanding the context in which the words are used',1,NULL,1),(145,47,'It requires a lot of practice',0,NULL,2),(146,47,'It is not important for language learners',0,NULL,3),(147,48,'Using the past simple tense',0,NULL,0),(148,48,'Using relative clauses',1,NULL,1),(149,48,'Using the future perfect tense',0,NULL,2),(150,48,'Using the present simple tense',0,NULL,3),(151,49,'It allows learners to focus on the doer of the action',0,NULL,0),(152,49,'It allows learners to focus on the action rather than the doer of the action',1,NULL,1),(153,49,'It is more difficult to understand',0,NULL,2),(154,49,'It is less common in English',0,NULL,3),(155,50,'The past simple tense',0,NULL,0),(156,50,'The present perfect tense',1,NULL,1),(157,50,'The future perfect tense',0,NULL,2),(158,50,'The present simple tense',0,NULL,3),(159,51,'It is a simple process',0,NULL,0),(160,51,'It requires a range of linguistic tools and strategies',1,NULL,1),(161,51,'It is not important for language learners',0,NULL,2),(162,51,'It can be learned in a short amount of time',0,NULL,3),(163,52,'A new school',0,NULL,0),(164,52,'A new vocabulary quiz',1,NULL,1),(165,52,'A new software',0,NULL,2),(166,52,'A new company',0,NULL,3),(167,53,'For several weeks',0,NULL,0),(168,53,'For several months',1,NULL,1),(169,53,'For several years',0,NULL,2),(170,53,'For several days',0,NULL,3),(171,54,'The new software',0,NULL,0),(172,54,'The quiz',1,NULL,1),(173,54,'The company',0,NULL,2),(174,54,'The training',0,NULL,3),(175,55,'A leading company',1,NULL,0),(176,55,'A small company',0,NULL,1),(177,55,'A local company',0,NULL,2),(178,55,'A foreign company',0,NULL,3),(179,56,'Because it is very expensive',0,NULL,0),(180,56,'Because it is easy to use and very efficient',1,NULL,1),(181,56,'Because it is new',0,NULL,2),(182,56,'Because it is free',0,NULL,3),(183,57,'A smartphone',0,NULL,0),(184,57,'A game console',1,NULL,1),(185,57,'A laptop computer',0,NULL,2),(186,57,'A calculator',0,NULL,3),(187,61,'The global gaming market is worth billions of dollars annually.',1,NULL,0),(188,61,'Mobile gaming is the least popular segment of the gaming industry.',0,NULL,1),(189,61,'Esports, or competitive video gaming, has grown significantly in popularity worldwide.',1,NULL,2),(190,61,'Only young children play video games today.',0,NULL,3),(191,63,'A racing game',0,NULL,0),(192,63,'A puzzle game',0,NULL,1),(193,63,'A sandbox game',1,NULL,2),(194,63,'A sports simulation',0,NULL,3),(195,66,'A book',0,NULL,0),(196,66,'A controller',1,NULL,1),(197,66,'A spoon',0,NULL,2),(198,66,'A pencil',0,NULL,3),(199,68,'Action',1,NULL,0),(200,68,'Drama',0,NULL,1),(201,68,'Strategy',1,NULL,2),(202,68,'Puzzle',1,NULL,3),(203,71,'Solo gaming',0,NULL,0),(204,71,'Offline gaming',0,NULL,1),(205,71,'Multiplayer gaming',1,NULL,2),(206,71,'Story-driven gaming',0,NULL,3),(207,73,'Linear gameplay with no choices',0,NULL,0),(208,73,'Multiple story endings or branching paths',1,NULL,1),(209,73,'A strong and engaging multiplayer mode',1,NULL,2),(210,73,'Extensive character or world customization options',1,NULL,3),(211,75,'She found it very easy.',0,NULL,0),(212,75,'She found it challenging but fun.',1,NULL,1),(213,75,'She thought it was too simple.',0,NULL,2),(214,75,'She did not like it at all.',0,NULL,3),(215,76,'The history questions.',0,NULL,0),(216,76,'The science round.',0,NULL,1),(217,76,'The literature part.',1,NULL,2),(218,76,'The music round.',0,NULL,3),(219,77,'He got 6 out of 10.',0,NULL,0),(220,77,'He got 7 out of 10.',1,NULL,1),(221,77,'He got 10 out of 10.',0,NULL,2),(222,77,'He did not say his score.',0,NULL,3),(223,78,'She will meet David after the quiz.',0,NULL,0),(224,78,'She will not study for it.',0,NULL,1),(225,78,'She will bring her notes to study with David.',1,NULL,2),(226,78,'She will just guess the answers.',0,NULL,3),(227,79,'Her study English every day.',0,NULL,0),(228,79,'She study English every day.',0,NULL,1),(229,79,'They studies English every day.',0,NULL,2),(230,79,'She studies English every day.',1,NULL,3),(231,80,'He went to the cinema last night.',1,NULL,0),(232,80,'They buyed new clothes yesterday.',0,NULL,1),(233,80,'She liked the cookies, so she ate them.',1,NULL,2),(234,80,'We talked about the quiz an hour ago.',1,NULL,3),(235,81,'do / We',0,NULL,0),(236,81,'did / We',1,NULL,1),(237,81,'did / Us',0,NULL,2),(238,81,'done / Them',0,NULL,3),(255,83,'To run in the marathon',0,NULL,NULL),(256,83,'To watch his friend run',1,NULL,NULL),(257,83,'To visit his family',0,NULL,NULL),(258,83,'To join a tour',0,NULL,NULL),(259,84,'The man',0,NULL,NULL),(260,84,'The woman',0,NULL,NULL),(261,84,'The man’s friend',1,NULL,NULL),(262,84,'The woman’s friend',0,NULL,NULL),(263,85,'Only the beginning',0,NULL,NULL),(264,85,'Only the ending',0,NULL,NULL),(265,85,'Half of the race',0,NULL,NULL),(266,85,'The entire race',1,NULL,NULL),(267,86,'Anna',0,NULL,0),(268,86,'His teacher',0,NULL,1),(269,86,'His brother',1,NULL,2),(270,86,'His parents',0,NULL,3),(271,87,'To find her old notebook at home',0,NULL,0),(272,87,'To meet the teacher in Room 305',0,NULL,1),(273,87,'To help her brother with English',0,NULL,2),(274,87,'To look at her notes before the test',1,NULL,3),(275,88,'She thought it was not easy',1,NULL,0),(276,88,'She did not finish it yesterday',0,NULL,1),(277,88,'She thought it was very simple',0,NULL,2),(278,88,'She studied with Mark for it',0,NULL,3),(279,89,'She hates her job.',0,NULL,0),(280,89,'She likes her job.',1,NULL,1),(281,89,'She loves his job.',0,NULL,2),(282,89,'He likes the job.',0,NULL,3),(283,90,'She studies for an exam.',0,NULL,0),(284,90,'She was at a party.',0,NULL,1),(285,90,'She studied at the library.',1,NULL,2),(286,90,'He studied English.',0,NULL,3),(287,91,'It is fifty dollars.',0,NULL,0),(288,91,'They were fifteen dollars.',0,NULL,1),(289,91,'They are fifty dollars.',1,NULL,2),(290,91,'She costs fifty dollars.',0,NULL,3),(291,92,'They are in his pocket.',0,NULL,0),(292,92,'They were on the table.',1,NULL,1),(293,92,'She saw the table.',0,NULL,2),(294,92,'He finds them now.',0,NULL,3),(295,93,'He lives in London.',0,NULL,0),(296,93,'He lived in Manchester.',0,NULL,1),(297,93,'He lives in Manchester.',1,NULL,2),(298,93,'They live in Manchester.',0,NULL,3),(299,94,'Run a marathon',1,NULL,0),(300,94,'Watch a marathon',0,NULL,1),(301,94,'Eat a marathon',0,NULL,2),(302,94,'Sleep a marathon',0,NULL,3),(303,95,'This month',0,NULL,0),(304,95,'Next month',1,NULL,1),(305,95,'Last month',0,NULL,2),(306,95,'Two months ago',0,NULL,3),(307,96,'Ran a marathon',1,NULL,0),(308,96,'Watched a marathon',0,NULL,1),(309,96,'Ate a marathon',0,NULL,2),(310,96,'Slept a marathon',0,NULL,3),(311,97,'Every day',1,NULL,0),(312,97,'Every week',0,NULL,1),(313,97,'Every month',0,NULL,2),(314,97,'Every year',0,NULL,3),(315,98,'Very easy',0,NULL,0),(316,98,'Very hard',1,NULL,1),(317,98,'A little hard',0,NULL,2),(318,98,'Not hard',0,NULL,3),(319,99,'She writes a report',1,NULL,1),(320,99,'She gives a presentation',0,NULL,2),(321,99,'She makes a video',0,NULL,3),(322,99,'She attends a meeting',0,NULL,4),(323,100,'He watched a video',1,NULL,1),(324,100,'He read a book',0,NULL,2),(325,100,'He attended a lecture',0,NULL,3),(326,100,'He made a presentation',0,NULL,4),(327,101,'They are writing reports',1,NULL,1),(328,101,'They are making presentations',0,NULL,2),(329,101,'They are attending meetings',0,NULL,3),(330,101,'They are watching videos',0,NULL,4),(331,102,'She has finished her report',1,NULL,1),(332,102,'She has finished her presentation',0,NULL,2),(333,102,'She has finished her video',0,NULL,3),(334,102,'She has finished her meeting',0,NULL,4),(335,103,'His teacher',0,NULL,1),(336,103,'His classmate',1,NULL,2),(337,103,'His friend',0,NULL,3),(338,103,'His family member',0,NULL,4),(347,104,'A. Berlin',0,NULL,0),(348,104,'B. Madrid',0,NULL,1),(349,104,'C. Paris',1,NULL,2),(350,104,'D. Rome',0,NULL,3),(351,105,'Preparing the exam questions',0,NULL,0),(352,105,'Explaining the quiz rules',1,NULL,1),(353,105,'Grading previous exams',0,NULL,2),(354,105,'Making a new schedule',0,NULL,3),(355,106,'A new textbook',0,NULL,0),(356,106,'A study guide which has been carefully prepared',1,NULL,1),(357,106,'A set of sample questions',0,NULL,2),(358,106,'A list of required readings',0,NULL,3),(359,107,'They have been studying hard',1,NULL,0),(360,107,'They have been taking breaks',0,NULL,1),(361,107,'They have been watching TV',0,NULL,2),(362,107,'They have been playing games',0,NULL,3),(363,108,'The park',0,NULL,1),(364,108,'The air and water',1,NULL,2),(365,108,'The city',0,NULL,3),(366,108,'The forest',0,NULL,4),(367,109,'They planted trees',0,NULL,1),(368,109,'They cut down many trees and polluted the air and water',1,NULL,2),(369,109,'They used clean energy',0,NULL,3),(370,109,'They made laws to stop pollution',0,NULL,4),(371,110,'They are cutting down trees',0,NULL,1),(372,110,'They are making laws to stop pollution',1,NULL,2),(373,110,'They are using bicycles',0,NULL,3),(374,110,'They are reducing waste',0,NULL,4),(375,111,'To reduce waste',0,NULL,1),(376,111,'To keep the air clean',1,NULL,2),(377,111,'To cut down trees',0,NULL,3),(378,111,'To pollute the water',0,NULL,4),(379,112,'Plastic bags',0,NULL,1),(380,112,'Bags that can be used many times',1,NULL,2),(381,112,'Paper bags',0,NULL,3),(382,112,'Glass bags',0,NULL,4),(383,113,'They have been increasing in number',0,NULL,1),(384,113,'They have been extinct',1,NULL,2),(385,113,'They have been migrating to other areas',0,NULL,3),(386,113,'They have been evolving into new species',0,NULL,4),(387,114,'National parks and wildlife reserves',1,NULL,1),(388,114,'Pollution control systems',0,NULL,2),(389,114,'Renewable energy sources',0,NULL,3),(390,114,'Recycling programs',0,NULL,4),(391,115,'Implementing laws and regulations to control pollution',1,NULL,1),(392,115,'Creating national parks and wildlife reserves',0,NULL,2),(393,115,'Reducing carbon footprint',0,NULL,3),(394,115,'Using renewable energy sources',0,NULL,4),(395,116,'They have been decreasing',0,NULL,1),(396,116,'They have been improving',1,NULL,2),(397,116,'They have been staying the same',0,NULL,3),(398,116,'They have been getting worse',0,NULL,4),(399,117,'Work separately',0,NULL,1),(400,117,'Work together',1,NULL,2),(401,117,'Ignore the issues',0,NULL,3),(402,117,'Blame each other',0,NULL,4),(403,118,'Smartphones',1,NULL,1),(404,118,'Televisions',0,NULL,2),(405,118,'Radios',0,NULL,3),(406,118,'Computers',0,NULL,4),(407,119,'The internet',1,NULL,1),(408,119,'Smartphones',0,NULL,2),(409,119,'Social media platforms',0,NULL,3),(410,119,'Artificial intelligence',0,NULL,4),(411,120,'Social media platforms',1,NULL,1),(412,120,'Televisions',0,NULL,2),(413,120,'Radios',0,NULL,3),(414,120,'Newspapers',0,NULL,4);
/*!40000 ALTER TABLE `answer_option` ENABLE KEYS */;
UNLOCK TABLES;

--
-- Table structure for table `assignment_session`
--

DROP TABLE IF EXISTS `assignment_session`;
/*!40101 SET @saved_cs_client     = @@character_set_client */;
/*!50503 SET character_set_client = utf8mb4 */;
CREATE TABLE `assignment_session` (
  `id` bigint NOT NULL AUTO_INCREMENT,
  `completed_at` datetime(6) DEFAULT NULL,
  `current_skill_index` int NOT NULL,
  `expires_at` datetime(6) DEFAULT NULL,
  `section_answers` json DEFAULT NULL,
  `section_expiry` json DEFAULT NULL,
  `section_statuses` json DEFAULT NULL,
  `started_at` datetime(6) DEFAULT NULL,
  `status` varchar(20) NOT NULL,
  `quiz_id` int NOT NULL,
  `user_id` int NOT NULL,
  `external_submission_link` text,
  `external_submission_note` text,
  PRIMARY KEY (`id`),
  UNIQUE KEY `UKx2kvkc1popahqj11nh15vhpn` (`quiz_id`,`user_id`),
  KEY `FKjw05oy8pguh7spf9xvk3gu5aa` (`user_id`),
  CONSTRAINT `FK402kpx7557mcjsierj5l2q8qf` FOREIGN KEY (`quiz_id`) REFERENCES `quiz` (`quiz_id`),
  CONSTRAINT `FKjw05oy8pguh7spf9xvk3gu5aa` FOREIGN KEY (`user_id`) REFERENCES `user` (`user_id`)
) ENGINE=InnoDB AUTO_INCREMENT=2 DEFAULT CHARSET=utf8mb4 COLLATE=utf8mb4_0900_ai_ci;
/*!40101 SET character_set_client = @saved_cs_client */;

--
-- Dumping data for table `assignment_session`
--

LOCK TABLES `assignment_session` WRITE;
/*!40000 ALTER TABLE `assignment_session` DISABLE KEYS */;
INSERT INTO `assignment_session` VALUES (1,'2026-04-18 19:21:53.147841',0,'2026-04-18 19:21:12.850422','{}',NULL,'{\"READING\": \"EXPIRED\", \"WRITING\": \"EXPIRED\", \"SPEAKING\": \"EXPIRED\", \"LISTENING\": \"EXPIRED\"}','2026-04-18 17:21:12.850422','COMPLETED',1,11,NULL,NULL);
/*!40000 ALTER TABLE `assignment_session` ENABLE KEYS */;
UNLOCK TABLES;

--
-- Table structure for table `class`
--

DROP TABLE IF EXISTS `class`;
/*!40101 SET @saved_cs_client     = @@character_set_client */;
/*!50503 SET character_set_client = utf8mb4 */;
CREATE TABLE `class` (
  `class_id` int NOT NULL AUTO_INCREMENT,
  `course_id` int NOT NULL,
  `teacher_id` int DEFAULT NULL,
  `class_name` varchar(255) DEFAULT NULL,
  `start_date` datetime(6) DEFAULT NULL,
  `status` varchar(255) DEFAULT NULL,
  `end_date` datetime(6) DEFAULT NULL,
  `schedule_type` varchar(50) DEFAULT NULL,
  `schedule` varchar(255) DEFAULT NULL,
  `slot_time` varchar(255) DEFAULT NULL,
  `number_of_sessions` int DEFAULT NULL,
  `meet_link` varchar(255) DEFAULT NULL,
  `description` text,
  PRIMARY KEY (`class_id`),
  KEY `course_id` (`course_id`),
  KEY `teacher_id` (`teacher_id`),
  CONSTRAINT `class_ibfk_1` FOREIGN KEY (`course_id`) REFERENCES `course` (`course_id`),
  CONSTRAINT `class_ibfk_2` FOREIGN KEY (`teacher_id`) REFERENCES `user` (`user_id`)
) ENGINE=InnoDB AUTO_INCREMENT=5 DEFAULT CHARSET=utf8mb4 COLLATE=utf8mb4_0900_ai_ci;
/*!40101 SET character_set_client = @saved_cs_client */;

--
-- Dumping data for table `class`
--

LOCK TABLES `class` WRITE;
/*!40000 ALTER TABLE `class` DISABLE KEYS */;
INSERT INTO `class` VALUES (1,1,11,'IELTS-INT-H01','2026-04-17 17:00:00.000000','Open','2026-05-28 17:00:00.000000',NULL,'5, 6, 7, 8','Sáng (9:00 - 11:00)',24,'https://meet.google.com/jeb-hsxk-czt','123'),(2,1,12,'IELTS-INT-H02','2024-05-15 19:30:00.000000','Open',NULL,NULL,'Tue-Thu-Sat','19:30 - 21:30',24,NULL,NULL),(3,5,13,'GRAMMAR-ZERO-K1','2024-06-01 08:30:00.000000','Open',NULL,NULL,'Sun-Sat','08:30 - 10:30',30,NULL,NULL),(4,3,14,'TOEIC-750-EVENING','2024-05-20 18:30:00.000000','Open',NULL,NULL,'Mon-Thu','18:30 - 20:30',20,NULL,NULL);
/*!40000 ALTER TABLE `class` ENABLE KEYS */;
UNLOCK TABLES;

--
-- Table structure for table `class_session`
--

DROP TABLE IF EXISTS `class_session`;
/*!40101 SET @saved_cs_client     = @@character_set_client */;
/*!50503 SET character_set_client = utf8mb4 */;
CREATE TABLE `class_session` (
  `session_id` int NOT NULL AUTO_INCREMENT,
  `end_time` varchar(255) DEFAULT NULL,
  `notes` text,
  `session_date` datetime(6) DEFAULT NULL,
  `session_number` int NOT NULL,
  `start_time` varchar(255) DEFAULT NULL,
  `topic` varchar(255) DEFAULT NULL,
  `class_id` int NOT NULL,
  `quiz_id` int DEFAULT NULL,
  `materials` text,
  `slot_number` int DEFAULT NULL,
  `meet_link` varchar(255) DEFAULT NULL,
  PRIMARY KEY (`session_id`),
  KEY `FKsdnp0fq88ihhlbresf40c43u` (`class_id`),
  KEY `FKjhwc3g27oaxwxan7hxgbdb6pv` (`quiz_id`),
  CONSTRAINT `FKjhwc3g27oaxwxan7hxgbdb6pv` FOREIGN KEY (`quiz_id`) REFERENCES `quiz` (`quiz_id`),
  CONSTRAINT `FKsdnp0fq88ihhlbresf40c43u` FOREIGN KEY (`class_id`) REFERENCES `class` (`class_id`)
) ENGINE=InnoDB AUTO_INCREMENT=171 DEFAULT CHARSET=utf8mb4 COLLATE=utf8mb4_0900_ai_ci;
/*!40101 SET character_set_client = @saved_cs_client */;

--
-- Dumping data for table `class_session`
--

LOCK TABLES `class_session` WRITE;
/*!40000 ALTER TABLE `class_session` DISABLE KEYS */;
INSERT INTO `class_session` VALUES (147,'11:00',NULL,'2026-04-18 02:00:00.000000',1,'09:00',NULL,1,NULL,NULL,2,NULL),(148,'11:00',NULL,'2026-04-19 02:00:00.000000',2,'09:00',NULL,1,NULL,NULL,2,NULL),(149,'11:00',NULL,'2026-04-23 02:00:00.000000',3,'09:00',NULL,1,NULL,NULL,2,NULL),(150,'11:00',NULL,'2026-04-24 02:00:00.000000',4,'09:00',NULL,1,NULL,NULL,2,NULL),(151,'11:00',NULL,'2026-04-25 02:00:00.000000',5,'09:00',NULL,1,NULL,NULL,2,NULL),(152,'11:00',NULL,'2026-04-26 02:00:00.000000',6,'09:00',NULL,1,NULL,NULL,2,NULL),(153,'11:00',NULL,'2026-04-30 02:00:00.000000',7,'09:00',NULL,1,NULL,NULL,2,NULL),(154,'11:00',NULL,'2026-05-01 02:00:00.000000',8,'09:00',NULL,1,NULL,NULL,2,NULL),(155,'11:00',NULL,'2026-05-02 02:00:00.000000',9,'09:00',NULL,1,NULL,NULL,2,NULL),(156,'11:00',NULL,'2026-05-03 02:00:00.000000',10,'09:00',NULL,1,NULL,NULL,2,NULL),(157,'11:00',NULL,'2026-05-07 02:00:00.000000',11,'09:00',NULL,1,NULL,NULL,2,NULL),(158,'11:00',NULL,'2026-05-08 02:00:00.000000',12,'09:00',NULL,1,NULL,NULL,2,NULL),(159,'11:00',NULL,'2026-05-09 02:00:00.000000',13,'09:00',NULL,1,NULL,NULL,2,NULL),(160,'11:00',NULL,'2026-05-10 02:00:00.000000',14,'09:00',NULL,1,NULL,NULL,2,NULL),(161,'11:00',NULL,'2026-05-14 02:00:00.000000',15,'09:00',NULL,1,NULL,NULL,2,NULL),(162,'11:00',NULL,'2026-05-15 02:00:00.000000',16,'09:00',NULL,1,NULL,NULL,2,NULL),(163,'11:00',NULL,'2026-05-16 02:00:00.000000',17,'09:00',NULL,1,NULL,NULL,2,NULL),(164,'11:00',NULL,'2026-05-17 02:00:00.000000',18,'09:00',NULL,1,NULL,NULL,2,NULL),(165,'11:00',NULL,'2026-05-21 02:00:00.000000',19,'09:00',NULL,1,NULL,NULL,2,NULL),(166,'11:00',NULL,'2026-05-22 02:00:00.000000',20,'09:00',NULL,1,NULL,NULL,2,NULL),(167,'11:00',NULL,'2026-05-23 02:00:00.000000',21,'09:00',NULL,1,NULL,NULL,2,NULL),(168,'11:00',NULL,'2026-05-24 02:00:00.000000',22,'09:00',NULL,1,NULL,NULL,2,NULL),(169,'11:00',NULL,'2026-05-28 02:00:00.000000',23,'09:00',NULL,1,NULL,NULL,2,NULL),(170,'11:00',NULL,'2026-05-29 02:00:00.000000',24,'09:00',NULL,1,NULL,NULL,2,NULL);
/*!40000 ALTER TABLE `class_session` ENABLE KEYS */;
UNLOCK TABLES;

--
-- Table structure for table `course`
--

DROP TABLE IF EXISTS `course`;
/*!40101 SET @saved_cs_client     = @@character_set_client */;
/*!50503 SET character_set_client = utf8mb4 */;
CREATE TABLE `course` (
  `course_id` int NOT NULL AUTO_INCREMENT,
  `course_name` varchar(255) DEFAULT NULL,
  `category_id` int DEFAULT NULL,
  `expert_id` int DEFAULT NULL,
  `manager_id` int DEFAULT NULL,
  `status` varchar(255) DEFAULT NULL,
  `description` text,
  `image_url` varchar(255) DEFAULT NULL,
  `price` double DEFAULT NULL,
  `title` varchar(255) DEFAULT NULL,
  `avatar` varchar(255) DEFAULT NULL,
  `sale` double DEFAULT NULL,
  `level_tag` varchar(10) DEFAULT NULL,
  `number_of_sessions` int DEFAULT NULL,
  `is_self_study` bit(1) DEFAULT NULL,
  PRIMARY KEY (`course_id`),
  KEY `category_id` (`category_id`),
  KEY `expert_id` (`expert_id`),
  KEY `manager_id` (`manager_id`),
  CONSTRAINT `course_ibfk_1` FOREIGN KEY (`category_id`) REFERENCES `setting` (`setting_id`),
  CONSTRAINT `course_ibfk_2` FOREIGN KEY (`expert_id`) REFERENCES `user` (`user_id`),
  CONSTRAINT `course_ibfk_3` FOREIGN KEY (`manager_id`) REFERENCES `user` (`user_id`)
) ENGINE=InnoDB AUTO_INCREMENT=10 DEFAULT CHARSET=utf8mb4 COLLATE=utf8mb4_0900_ai_ci;
/*!40101 SET character_set_client = @saved_cs_client */;

--
-- Dumping data for table `course`
--

LOCK TABLES `course` WRITE;
/*!40000 ALTER TABLE `course` DISABLE KEYS */;
INSERT INTO `course` VALUES (1,'IELTS Academic 6.5 Intensive',5,3,NULL,'Published',NULL,NULL,10000,'Complete IELTS Masterclass',NULL,NULL,'LVL_B2',24,NULL),(2,'IELTS Speaking Success',5,4,NULL,'Published',NULL,NULL,10000,'Band 7.0 Strategy for Speaking',NULL,NULL,'LVL_B2',12,NULL),(3,'TOEIC Listening & Reading',7,7,NULL,'Published',NULL,NULL,10000,'TOEIC 750+ Targeted',NULL,NULL,'LVL_B1',20,NULL),(4,'SAT Digital Preparation',8,5,NULL,'Published',NULL,NULL,10000,'Mathematics & English Mastery',NULL,NULL,'LVL_B2',15,NULL),(5,'Fundamental Grammar',9,8,NULL,'Published',NULL,NULL,10000,'English Grammar from Zero',NULL,NULL,'LVL_A1',30,NULL),(6,'Academic Vocabulary',10,6,NULL,'Published',NULL,NULL,10000,'Top 5000 Words for IELTS',NULL,NULL,'LVL_B2',20,NULL),(7,'CT1',6,8,NULL,'active','123',NULL,10000,'CT1','https://res.cloudinary.com/decqv3ed0/image/upload/v1776439534/file_oyuuj1.jpg',1000,NULL,25,NULL),(8,'CT2',5,6,NULL,'draft','132',NULL,123,'CT2','https://res.cloudinary.com/decqv3ed0/image/upload/v1776439643/file_zpobxl.jpg',12.3,NULL,23,NULL),(9,'CT23',6,7,NULL,'draft','132123',NULL,123,'CT23','https://res.cloudinary.com/decqv3ed0/image/upload/v1776439693/file_v5tyy8.jpg',12.3,NULL,23,NULL);
/*!40000 ALTER TABLE `course` ENABLE KEYS */;
UNLOCK TABLES;

--
-- Table structure for table `email_verifications`
--

DROP TABLE IF EXISTS `email_verifications`;
/*!40101 SET @saved_cs_client     = @@character_set_client */;
/*!50503 SET character_set_client = utf8mb4 */;
CREATE TABLE `email_verifications` (
  `id` int NOT NULL AUTO_INCREMENT,
  `email` varchar(255) NOT NULL,
  `expiry_time` datetime(6) NOT NULL,
  `verification_code` varchar(250) NOT NULL,
  PRIMARY KEY (`id`)
) ENGINE=InnoDB AUTO_INCREMENT=7 DEFAULT CHARSET=utf8mb4 COLLATE=utf8mb4_0900_ai_ci;
/*!40101 SET character_set_client = @saved_cs_client */;

--
-- Dumping data for table `email_verifications`
--

LOCK TABLES `email_verifications` WRITE;
/*!40000 ALTER TABLE `email_verifications` DISABLE KEYS */;
INSERT INTO `email_verifications` VALUES (2,'maichithanh317@gmail.com','2026-02-10 07:37:37.177372','e9e4b4ab-2021-4422-881f-54b774470536'),(3,'xuantaizxc22@gmail.com','2026-03-08 08:29:25.538617','132331'),(5,'thinhtran@gmail.com','2026-04-17 16:41:43.971841','874217');
/*!40000 ALTER TABLE `email_verifications` ENABLE KEYS */;
UNLOCK TABLES;

--
-- Table structure for table `hybrid_session`
--

DROP TABLE IF EXISTS `hybrid_session`;
/*!40101 SET @saved_cs_client     = @@character_set_client */;
/*!50503 SET character_set_client = utf8mb4 */;
CREATE TABLE `hybrid_session` (
  `hybrid_session_id` int NOT NULL AUTO_INCREMENT,
  `completed_quizzes` int DEFAULT NULL,
  `created_at` datetime(6) DEFAULT NULL,
  `guest_email` varchar(255) DEFAULT NULL,
  `guest_name` varchar(255) DEFAULT NULL,
  `guest_session_id` varchar(255) NOT NULL,
  `status` varchar(20) NOT NULL,
  `total_quizzes` int NOT NULL,
  `updated_at` datetime(6) DEFAULT NULL,
  PRIMARY KEY (`hybrid_session_id`)
) ENGINE=InnoDB AUTO_INCREMENT=23 DEFAULT CHARSET=utf8mb4 COLLATE=utf8mb4_0900_ai_ci;
/*!40101 SET character_set_client = @saved_cs_client */;

--
-- Dumping data for table `hybrid_session`
--

LOCK TABLES `hybrid_session` WRITE;
/*!40000 ALTER TABLE `hybrid_session` DISABLE KEYS */;
INSERT INTO `hybrid_session` VALUES (1,2,'2026-03-29 16:31:53.967003','','','E57CADEBCFCF80A3E281A84B38F75B8F','IN_PROGRESS',2,'2026-03-29 16:33:15.864942'),(2,2,'2026-03-29 18:28:55.542122','thinhtran9797yb@gmail.com','thinh','A731E2C091D521BB0B681D2F5E3C49B5','IN_PROGRESS',2,'2026-03-29 18:30:38.842731'),(3,2,'2026-03-29 18:37:34.822120','thinhtran9797yb@gmail.com','thinh','BDF6CB867101074ADEE0792485B251A9','IN_PROGRESS',2,'2026-03-29 18:38:45.549022'),(4,2,'2026-03-29 18:43:10.035216','','','B5EBD5B778E32B6301A4F11D4BC2AB12','IN_PROGRESS',2,'2026-03-29 18:43:46.012526'),(5,2,'2026-03-29 18:50:10.152375','','','A7074665E87C1D64C037231DF706613E','IN_PROGRESS',2,'2026-03-29 18:50:40.484267'),(6,2,'2026-03-29 19:03:39.533968','','','309CDE5B2424B76F547A60F3418ABA52','IN_PROGRESS',2,'2026-03-29 19:04:05.753572'),(7,2,'2026-03-30 15:31:33.915585','thinhtran9797yb@gmail.com','thinh','10EBA22C4822122F50139BA616454509','IN_PROGRESS',2,'2026-03-30 15:33:43.566215'),(8,2,'2026-03-30 15:47:50.734943','','','DF9AD6ABDE05212638479D99724694A1','IN_PROGRESS',2,'2026-03-30 15:48:16.118398'),(9,1,'2026-03-30 16:04:59.766104','','','33FA1387568D5A39DA3B14C12BC5EB39','IN_PROGRESS',1,'2026-03-30 16:05:09.502710'),(10,1,'2026-03-31 14:53:33.871303','','','C250FDBAD859ACDBA4EEDA88E772FC19','IN_PROGRESS',1,'2026-03-31 14:54:38.666256'),(11,1,'2026-03-31 15:17:58.919450','','','3CEE7327711A87B8F8400323075AD440','IN_PROGRESS',1,'2026-03-31 15:18:10.517669'),(12,1,'2026-03-31 15:21:11.004700','','','DE3D4B6275CD3AC971046A5EF6236B4B','IN_PROGRESS',1,'2026-03-31 15:21:19.890994'),(13,1,'2026-03-31 15:26:43.075357','','','25FBF7E937304C292D27B4B92535C146','IN_PROGRESS',1,'2026-03-31 15:26:54.998258'),(14,1,'2026-03-31 15:42:46.182348','','','E21AB33C4C1B0AC8A7EC7168D07AB4F0','IN_PROGRESS',1,'2026-03-31 15:42:54.404285'),(15,1,'2026-03-31 15:49:09.442476','','','D39A05DD575EF7C50433272CDDB3583B','IN_PROGRESS',1,'2026-03-31 15:49:19.333721'),(16,1,'2026-03-31 15:50:49.470425','','','D39A05DD575EF7C50433272CDDB3583B','IN_PROGRESS',1,'2026-03-31 15:51:44.813014'),(17,1,'2026-03-31 16:03:54.796116','','','DCA91D66FE00331316CF8CE4A7DA5C0A','IN_PROGRESS',1,'2026-03-31 16:04:42.449310'),(18,1,'2026-03-31 16:07:13.656922','','','658CA24F0486500D25ECE239F1A2AA46','IN_PROGRESS',1,'2026-03-31 16:07:38.482331'),(19,1,'2026-03-31 16:09:52.182603','','','2043C92BF92AE558DF16EC6013CA6ED9','IN_PROGRESS',1,'2026-03-31 16:10:17.696598'),(20,1,'2026-03-31 16:18:51.258753','','','9D486927F492B453BCE1D5DF8F37E7F1','IN_PROGRESS',1,'2026-03-31 16:19:00.401262'),(21,1,'2026-04-01 15:28:12.549733','thinhtran9797yb@gmail.com','thinh','4D33A71D1799C587BD92892587565761','IN_PROGRESS',1,'2026-04-01 15:29:21.004926'),(22,2,'2026-04-06 17:53:15.133462','','','AF9689520B4721674AEAEF0C3E612C6F','IN_PROGRESS',2,'2026-04-06 17:53:52.222829');
/*!40000 ALTER TABLE `hybrid_session` ENABLE KEYS */;
UNLOCK TABLES;

--
-- Table structure for table `hybrid_session_quiz`
--

DROP TABLE IF EXISTS `hybrid_session_quiz`;
/*!40101 SET @saved_cs_client     = @@character_set_client */;
/*!50503 SET character_set_client = utf8mb4 */;
CREATE TABLE `hybrid_session_quiz` (
  `hybrid_session_quiz_id` int NOT NULL AUTO_INCREMENT,
  `created_at` datetime(6) DEFAULT NULL,
  `placement_test_result_id` int DEFAULT NULL,
  `quiz_order` int NOT NULL,
  `skill` varchar(20) NOT NULL,
  `status` varchar(20) NOT NULL,
  `hybrid_session_id` int NOT NULL,
  `quiz_id` int NOT NULL,
  PRIMARY KEY (`hybrid_session_quiz_id`),
  KEY `FKr5on5pjs0moyhp2f0qcy12hn4` (`hybrid_session_id`),
  KEY `FKs8cln7g1lkhqh2q713dgkhj0g` (`quiz_id`),
  CONSTRAINT `FKr5on5pjs0moyhp2f0qcy12hn4` FOREIGN KEY (`hybrid_session_id`) REFERENCES `hybrid_session` (`hybrid_session_id`),
  CONSTRAINT `FKs8cln7g1lkhqh2q713dgkhj0g` FOREIGN KEY (`quiz_id`) REFERENCES `quiz` (`quiz_id`)
) ENGINE=InnoDB AUTO_INCREMENT=32 DEFAULT CHARSET=utf8mb4 COLLATE=utf8mb4_0900_ai_ci;
/*!40101 SET character_set_client = @saved_cs_client */;

--
-- Dumping data for table `hybrid_session_quiz`
--

LOCK TABLES `hybrid_session_quiz` WRITE;
/*!40000 ALTER TABLE `hybrid_session_quiz` DISABLE KEYS */;
INSERT INTO `hybrid_session_quiz` VALUES (1,'2026-03-29 16:31:53.973980',3,1,'Vocabulary','COMPLETED',1,214),(2,'2026-03-29 16:31:53.978963',4,2,'Grammar','COMPLETED',1,215),(3,'2026-03-29 18:28:55.555108',5,1,'SPEAKING','COMPLETED',2,216),(4,'2026-03-29 18:28:55.560957',6,2,'WRITING','COMPLETED',2,217),(5,'2026-03-29 18:37:34.890912',7,1,'WRITING','COMPLETED',3,217),(6,'2026-03-29 18:37:34.896042',8,2,'SPEAKING','COMPLETED',3,216),(7,'2026-03-29 18:43:10.084367',9,1,'SPEAKING','COMPLETED',4,216),(8,'2026-03-29 18:43:10.088608',10,2,'WRITING','COMPLETED',4,217),(9,'2026-03-29 18:50:10.220196',11,1,'SPEAKING','COMPLETED',5,216),(10,'2026-03-29 18:50:10.223588',12,2,'WRITING','COMPLETED',5,217),(11,'2026-03-29 19:03:39.596496',13,1,'SPEAKING','COMPLETED',6,216),(12,'2026-03-29 19:03:39.600525',14,2,'WRITING','COMPLETED',6,217),(13,'2026-03-30 15:31:33.990541',15,1,'WRITING','COMPLETED',7,217),(14,'2026-03-30 15:31:33.995939',16,2,'SPEAKING','COMPLETED',7,216),(15,'2026-03-30 15:47:50.773855',17,1,'WRITING','COMPLETED',8,217),(16,'2026-03-30 15:47:50.780167',18,2,'SPEAKING','COMPLETED',8,216),(17,'2026-03-30 16:04:59.831774',19,1,'WRITING','COMPLETED',9,217),(18,'2026-03-31 14:53:33.945180',20,1,'WRITING','COMPLETED',10,217),(19,'2026-03-31 15:17:58.998096',21,1,'WRITING','COMPLETED',11,217),(20,'2026-03-31 15:21:11.068468',22,1,'WRITING','COMPLETED',12,217),(21,'2026-03-31 15:26:43.109162',23,1,'WRITING','COMPLETED',13,217),(22,'2026-03-31 15:42:46.253209',24,1,'WRITING','COMPLETED',14,217),(23,'2026-03-31 15:49:09.504600',25,1,'WRITING','COMPLETED',15,217),(24,'2026-03-31 15:50:49.475491',26,1,'SPEAKING','COMPLETED',16,216),(25,'2026-03-31 16:03:54.848614',27,1,'SPEAKING','COMPLETED',17,216),(26,'2026-03-31 16:07:13.728082',28,1,'SPEAKING','COMPLETED',18,216),(27,'2026-03-31 16:09:52.243834',29,1,'WRITING','COMPLETED',19,217),(28,'2026-03-31 16:18:51.317083',30,1,'WRITING','COMPLETED',20,217),(29,'2026-04-01 15:28:12.556201',31,1,'WRITING','COMPLETED',21,217),(30,'2026-04-06 17:53:15.155412',32,1,'SPEAKING','COMPLETED',22,216),(31,'2026-04-06 17:53:15.160977',33,2,'WRITING','COMPLETED',22,217);
/*!40000 ALTER TABLE `hybrid_session_quiz` ENABLE KEYS */;
UNLOCK TABLES;

--
-- Table structure for table `lesson`
--

DROP TABLE IF EXISTS `lesson`;
/*!40101 SET @saved_cs_client     = @@character_set_client */;
/*!50503 SET character_set_client = utf8mb4 */;
CREATE TABLE `lesson` (
  `lesson_id` int NOT NULL AUTO_INCREMENT,
  `module_id` int NOT NULL,
  `order_index` int DEFAULT NULL,
  `content_text` varchar(255) DEFAULT NULL,
  `duration` varchar(255) DEFAULT NULL,
  `lesson_name` varchar(255) DEFAULT NULL,
  `quiz_id` int DEFAULT NULL,
  `type` varchar(255) DEFAULT NULL,
  `video_url` varchar(255) DEFAULT NULL,
  `allow_download` tinyint(1) DEFAULT '1',
  PRIMARY KEY (`lesson_id`),
  KEY `module_id` (`module_id`),
  KEY `fk_lesson_quiz` (`quiz_id`),
  CONSTRAINT `fk_lesson_quiz` FOREIGN KEY (`quiz_id`) REFERENCES `quiz` (`quiz_id`),
  CONSTRAINT `lesson_ibfk_1` FOREIGN KEY (`module_id`) REFERENCES `module` (`module_id`) ON DELETE CASCADE
) ENGINE=InnoDB AUTO_INCREMENT=14 DEFAULT CHARSET=utf8mb4 COLLATE=utf8mb4_0900_ai_ci;
/*!40101 SET character_set_client = @saved_cs_client */;

--
-- Dumping data for table `lesson`
--

LOCK TABLES `lesson` WRITE;
/*!40000 ALTER TABLE `lesson` DISABLE KEYS */;
INSERT INTO `lesson` VALUES (1,1,1,NULL,'10:00','Course Overview & Requirements',NULL,'VIDEO','https://vimeo.com/12345',1),(2,1,2,NULL,'15:00','Understanding the IELTS Test Format',NULL,'VIDEO','https://vimeo.com/23456',1),(3,2,1,NULL,'20:00','Skimming & Scanning Skills',NULL,'VIDEO','https://vimeo.com/34567',1),(4,2,2,NULL,'18:00','Identifying Information Questions',NULL,'VIDEO','https://vimeo.com/45678',1),(5,6,1,NULL,'12:00','Mastering Personal Information Qs',NULL,'VIDEO','https://vimeo.com/56789',1),(6,6,2,NULL,'25:00','Practice: Common Part 1 Topics',NULL,'VIDEO','https://vimeo.com/67890',1),(7,8,1,NULL,'15:00','Description Techniques',NULL,'VIDEO','https://vimeo.com/78901',1),(8,9,1,NULL,'20:00','Incomplete Sentences Strategies',NULL,'VIDEO','https://vimeo.com/89012',1),(9,10,1,NULL,'30:00','Linear Equations Mastery',NULL,'VIDEO','https://vimeo.com/90123',1),(10,11,1,NULL,'22:00','Context Clues & Vocabulary',NULL,'VIDEO','https://vimeo.com/01234',1),(11,12,1,NULL,'15:00','Essential Phrasal Verbs list',NULL,'VIDEO','https://vimeo.com/11223',1),(12,13,1,NULL,'18:00','Advanced Collocations usage',NULL,'VIDEO','https://vimeo.com/33445',1),(13,1,3,'1231231',NULL,'123',NULL,'DOC','https://res.cloudinary.com/decqv3ed0/raw/upload/v1776439987/SBA301_2026_Spring_PE_Trial_1776439985205.docx',1);
/*!40000 ALTER TABLE `lesson` ENABLE KEYS */;
UNLOCK TABLES;

--
-- Table structure for table `lesson_quiz_progress`
--

DROP TABLE IF EXISTS `lesson_quiz_progress`;
/*!40101 SET @saved_cs_client     = @@character_set_client */;
/*!50503 SET character_set_client = utf8mb4 */;
CREATE TABLE `lesson_quiz_progress` (
  `progress_id` int NOT NULL AUTO_INCREMENT,
  `best_passed` bit(1) DEFAULT NULL,
  `best_score` double DEFAULT NULL,
  `status` varchar(20) DEFAULT NULL,
  `lesson_id` int NOT NULL,
  `quiz_id` int NOT NULL,
  `user_id` int NOT NULL,
  PRIMARY KEY (`progress_id`),
  UNIQUE KEY `UKckc10o4vv4kou2us0eic3f1ah` (`lesson_id`,`user_id`,`quiz_id`),
  KEY `FKjcl8ys24u62eokbq0fagnp64o` (`quiz_id`),
  KEY `FKs8vyx5re791hya85d7tux14fu` (`user_id`),
  CONSTRAINT `FKjcl8ys24u62eokbq0fagnp64o` FOREIGN KEY (`quiz_id`) REFERENCES `quiz` (`quiz_id`),
  CONSTRAINT `FKr5grf9ni4uf3fe0b8v7ty90or` FOREIGN KEY (`lesson_id`) REFERENCES `lesson` (`lesson_id`),
  CONSTRAINT `FKs8vyx5re791hya85d7tux14fu` FOREIGN KEY (`user_id`) REFERENCES `user` (`user_id`)
) ENGINE=InnoDB AUTO_INCREMENT=9 DEFAULT CHARSET=utf8mb4 COLLATE=utf8mb4_0900_ai_ci;
/*!40101 SET character_set_client = @saved_cs_client */;

--
-- Dumping data for table `lesson_quiz_progress`
--

LOCK TABLES `lesson_quiz_progress` WRITE;
/*!40000 ALTER TABLE `lesson_quiz_progress` DISABLE KEYS */;
INSERT INTO `lesson_quiz_progress` VALUES (1,_binary '',85,'COMPLETED',1,1,21),(2,_binary '\0',33.33,'COMPLETED',1,49,21),(3,_binary '\0',25,'COMPLETED',13,50,21),(4,_binary '\0',0,'COMPLETED',13,50,22),(5,_binary '\0',22.22,'COMPLETED',3,81,21),(6,_binary '\0',18.18,'COMPLETED',1,82,21),(7,_binary '\0',25,'COMPLETED',1,90,21),(8,_binary '\0',33.33,'COMPLETED',1,91,21);
/*!40000 ALTER TABLE `lesson_quiz_progress` ENABLE KEYS */;
UNLOCK TABLES;

--
-- Table structure for table `module`
--

DROP TABLE IF EXISTS `module`;
/*!40101 SET @saved_cs_client     = @@character_set_client */;
/*!50503 SET character_set_client = utf8mb4 */;
CREATE TABLE `module` (
  `module_id` int NOT NULL AUTO_INCREMENT,
  `course_id` int NOT NULL,
  `order_index` int DEFAULT NULL,
  `module_name` varchar(255) DEFAULT NULL,
  `cefr_level` varchar(255) DEFAULT NULL,
  PRIMARY KEY (`module_id`),
  KEY `course_id` (`course_id`),
  CONSTRAINT `module_ibfk_1` FOREIGN KEY (`course_id`) REFERENCES `course` (`course_id`) ON DELETE CASCADE
) ENGINE=InnoDB AUTO_INCREMENT=14 DEFAULT CHARSET=utf8mb4 COLLATE=utf8mb4_0900_ai_ci;
/*!40101 SET character_set_client = @saved_cs_client */;

--
-- Dumping data for table `module`
--

LOCK TABLES `module` WRITE;
/*!40000 ALTER TABLE `module` DISABLE KEYS */;
INSERT INTO `module` VALUES (1,1,1,'Introduction to IELTS Academic','LVL_B2'),(2,1,2,'Mastering Reading section','LVL_B2'),(3,1,3,'Listening & Writing Strategy','LVL_B2'),(4,5,1,'Basic Tenses & Verbs','LVL_A1'),(5,5,2,'Nouns, Pronouns & Adjectives','LVL_A1'),(6,2,1,'IELTS Speaking Part 1 Basics','LVL_B2'),(7,2,2,'Fluency and Coherence Drills','LVL_B2'),(8,3,1,'TOEIC Listening Part 1-2','LVL_B1'),(9,3,2,'TOEIC Reading Part 5-6','LVL_B1'),(10,4,1,'SAT Math: Heart of Algebra','LVL_B2'),(11,4,2,'SAT Evidence-Based Reading','LVL_B2'),(12,6,1,'Common Academic Phrasal Verbs','LVL_B2'),(13,6,2,'Collocations for IELTS Writing','LVL_B2');
/*!40000 ALTER TABLE `module` ENABLE KEYS */;
UNLOCK TABLES;

--
-- Table structure for table `notification`
--

DROP TABLE IF EXISTS `notification`;
/*!40101 SET @saved_cs_client     = @@character_set_client */;
/*!50503 SET character_set_client = utf8mb4 */;
CREATE TABLE `notification` (
  `id` bigint NOT NULL AUTO_INCREMENT,
  `created_at` datetime(6) NOT NULL,
  `is_read` bit(1) NOT NULL,
  `link` varchar(500) DEFAULT NULL,
  `message` varchar(500) NOT NULL,
  `title` varchar(200) NOT NULL,
  `type` varchar(50) NOT NULL,
  `user_id` bigint NOT NULL,
  PRIMARY KEY (`id`)
) ENGINE=InnoDB AUTO_INCREMENT=44 DEFAULT CHARSET=utf8mb4 COLLATE=utf8mb4_0900_ai_ci;
/*!40101 SET character_set_client = @saved_cs_client */;

--
-- Dumping data for table `notification`
--

LOCK TABLES `notification` WRITE;
/*!40000 ALTER TABLE `notification` DISABLE KEYS */;
INSERT INTO `notification` VALUES (1,'2026-04-14 20:25:36.000000',_binary '\0',NULL,'Hi Alex, start your learning journey now.','Welcome to NovaLMS!','WELCOME',21),(2,'2026-04-16 21:00:44.545456',_binary '\0','/student/class/IELTS-INT-H01','Buoi hoc lop \"IELTS-INT-H01\" da duoc hoan doi. Ngay moi: 2024-05-03, gio moi: 18:00.','Buoi hoc bi hoan doi - IELTS-INT-H01','SESSION_RESCHEDULED',11),(3,'2026-04-16 21:00:45.424295',_binary '\0','/student/class/IELTS-INT-H01','Buoi hoc lop \"IELTS-INT-H01\" da duoc hoan doi. Ngay moi: 2024-05-03, gio moi: 18:00.','Buoi hoc bi hoan doi - IELTS-INT-H01','SESSION_RESCHEDULED',11),(4,'2026-04-18 06:04:37.791069',_binary '\0','/student/quiz','Quiz \"Quiz từ vựng mới\" da co cho lop IELTS-INT-H01.','Quiz moi duoc xuat ban','QUIZ_PUBLISHED',21),(5,'2026-04-18 06:04:37.792617',_binary '\0','/student/quiz','Quiz \"Quiz từ vựng mới\" da co cho lop IELTS-INT-H01.','Quiz moi duoc xuat ban','QUIZ_PUBLISHED',22),(6,'2026-04-18 06:04:37.793620',_binary '\0','/student/quiz','Quiz \"Quiz từ vựng mới\" da co cho lop IELTS-INT-H01.','Quiz moi duoc xuat ban','QUIZ_PUBLISHED',23),(7,'2026-04-18 06:05:19.379603',_binary '\0','/student/quiz/history','Quiz \"Quiz từ vựng mới\" (lop IELTS-INT-H01) da co ket qua. Diem: 1.00/5.00. Ket qua: Khong dat.','Ket qua quiz da co','QUIZ_RESULT',21),(8,'2026-04-18 06:21:59.705114',_binary '\0','/student/quiz/history','Quiz \"Quiz từ vựng mới\" (lop IELTS-INT-H01) da co ket qua. Diem: 0/5.00. Ket qua: Khong dat.','Ket qua quiz da co','QUIZ_RESULT',21),(9,'2026-04-18 06:22:57.986653',_binary '\0','/student/quiz/history','Quiz \"Quiz từ vựng mới\" (lop IELTS-INT-H01) da co ket qua. Diem: 3.00/5.00. Ket qua: Khong dat.','Ket qua quiz da co','QUIZ_RESULT',21),(10,'2026-04-18 20:22:53.303237',_binary '\0','/student/quiz/history','Bai quiz \"IELTS Reading Practice 1\" (lop ) da duoc cham diem thu cong. Diem cuoi: 0/5. Ket qua: Khong dat.','Ket qua cham diem thu cong da co','MANUAL_GRADING_RESULT',21),(11,'2026-04-19 04:12:50.982443',_binary '\0','/teacher/my-questions','Cau hoi \"Which company has developed the software?\" da duoc Expert phe duyet va xuat ban.','Cau hoi cua ban da duoc phe duyet','QUESTION_APPROVED',11),(12,'2026-04-19 04:12:52.658541',_binary '\0','/teacher/my-questions','Cau hoi \"Why is the software being used in many schools?\" da duoc Expert phe duyet va xuat ban.','Cau hoi cua ban da duoc phe duyet','QUESTION_APPROVED',11),(13,'2026-04-19 06:44:28.922255',_binary '\0','/student/quiz/history','Bai quiz \"Quiz từ vựng mới\" (lop IELTS-INT-H01) da duoc cham diem thu cong. Diem cuoi: 3/5. Ket qua: Khong dat.','Ket qua cham diem thu cong da co','MANUAL_GRADING_RESULT',21),(14,'2026-04-19 06:45:03.297587',_binary '\0','/student/quiz/history','Bai quiz \"Quiz từ vựng mới\" (lop IELTS-INT-H01) da duoc cham diem thu cong. Diem cuoi: 0/5. Ket qua: Khong dat.','Ket qua cham diem thu cong da co','MANUAL_GRADING_RESULT',21),(15,'2026-04-19 11:39:46.947706',_binary '\0','/student/quiz','Quiz \"Quiz — Buổi 2\" da co cho lop IELTS-INT-H01.','Quiz moi duoc xuat ban','QUIZ_PUBLISHED',21),(16,'2026-04-19 11:39:46.951273',_binary '\0','/student/quiz','Quiz \"Quiz — Buổi 2\" da co cho lop IELTS-INT-H01.','Quiz moi duoc xuat ban','QUIZ_PUBLISHED',22),(17,'2026-04-19 11:39:46.952773',_binary '\0','/student/quiz','Quiz \"Quiz — Buổi 2\" da co cho lop IELTS-INT-H01.','Quiz moi duoc xuat ban','QUIZ_PUBLISHED',23),(18,'2026-04-19 11:48:50.321784',_binary '\0','/student/quiz/history','Quiz \"Quiz — Buổi 2\" (lop IELTS-INT-H01) da co ket qua. Diem: 2.00/4.00. Ket qua: Khong dat.','Ket qua quiz da co','QUIZ_RESULT',21),(19,'2026-04-19 11:50:05.481977',_binary '\0','/student/quiz','Quiz \"Quiz — Buổi 2\" da co cho lop IELTS-INT-H01.','Quiz moi duoc xuat ban','QUIZ_PUBLISHED',21),(20,'2026-04-19 11:50:05.483479',_binary '\0','/student/quiz','Quiz \"Quiz — Buổi 2\" da co cho lop IELTS-INT-H01.','Quiz moi duoc xuat ban','QUIZ_PUBLISHED',22),(21,'2026-04-19 11:50:05.483479',_binary '\0','/student/quiz','Quiz \"Quiz — Buổi 2\" da co cho lop IELTS-INT-H01.','Quiz moi duoc xuat ban','QUIZ_PUBLISHED',23),(22,'2026-04-19 12:30:11.679321',_binary '\0','/manager/reschedule/list','Giảng viên Teacher Nguyễn Văn A yêu cầu đổi lịch lớp \"IELTS-INT-H01\" chuyển sang ngày 2026-04-21.','Yêu cầu đổi lịch mới','RESCHEDULE_REQUEST',2),(23,'2026-04-19 12:30:11.680826',_binary '\0','/manager/reschedule/list','Giảng viên Teacher Nguyễn Văn A yêu cầu đổi lịch lớp \"IELTS-INT-H01\" chuyển sang ngày 2026-04-21.','Yêu cầu đổi lịch mới','RESCHEDULE_REQUEST',9),(24,'2026-04-19 12:30:11.681828',_binary '\0','/manager/reschedule/list','Giảng viên Teacher Nguyễn Văn A yêu cầu đổi lịch lớp \"IELTS-INT-H01\" chuyển sang ngày 2026-04-21.','Yêu cầu đổi lịch mới','RESCHEDULE_REQUEST',10),(25,'2026-04-20 05:13:56.278913',_binary '\0','/student/assignments','Bai tap \"Assignment 2\" (lop ) da duoc cham. Diem: 0/7. Ket qua: Khong dat.','Bai tap da duoc cham diem','ASSIGNMENT_GRADED',21),(26,'2026-04-20 10:27:20.309568',_binary '\0','/student/quiz/history','Quiz \"Quiz — Buổi 2\" (lop IELTS-INT-H01) da co ket qua. Diem: 0/3.00. Ket qua: Khong dat.','Ket qua quiz da co','QUIZ_RESULT',21),(27,'2026-04-20 15:18:53.995213',_binary '\0','/student/quiz','Quiz \"Quiz — Buổi 2\" da co cho lop IELTS-INT-H01.','Quiz moi duoc xuat ban','QUIZ_PUBLISHED',21),(28,'2026-04-20 15:18:53.996717',_binary '\0','/student/quiz','Quiz \"Quiz — Buổi 2\" da co cho lop IELTS-INT-H01.','Quiz moi duoc xuat ban','QUIZ_PUBLISHED',22),(29,'2026-04-20 15:18:53.997721',_binary '\0','/student/quiz','Quiz \"Quiz — Buổi 2\" da co cho lop IELTS-INT-H01.','Quiz moi duoc xuat ban','QUIZ_PUBLISHED',23),(30,'2026-04-20 15:24:26.541752',_binary '\0','/student/quiz/history','Quiz \"Quiz — Buổi 2\" (lop IELTS-INT-H01) da co ket qua. Diem: 0/3.00. Ket qua: Khong dat.','Ket qua quiz da co','QUIZ_RESULT',21),(31,'2026-04-20 15:25:05.394012',_binary '\0','/student/quiz/history','Quiz \"Quiz — Buổi 2\" (lop IELTS-INT-H01) da co ket qua. Diem: 0/3.00. Ket qua: Khong dat.','Ket qua quiz da co','QUIZ_RESULT',21),(32,'2026-04-20 17:33:59.315230',_binary '\0','/student/quiz','Quiz \"Quiz — Buổi 2\" da co cho lop IELTS-INT-H01.','Quiz moi duoc xuat ban','QUIZ_PUBLISHED',21),(33,'2026-04-20 17:33:59.317242',_binary '\0','/student/quiz','Quiz \"Quiz — Buổi 2\" da co cho lop IELTS-INT-H01.','Quiz moi duoc xuat ban','QUIZ_PUBLISHED',22),(34,'2026-04-20 17:33:59.318242',_binary '\0','/student/quiz','Quiz \"Quiz — Buổi 2\" da co cho lop IELTS-INT-H01.','Quiz moi duoc xuat ban','QUIZ_PUBLISHED',23),(35,'2026-04-21 06:08:28.502525',_binary '\0','/student/assignments','Bai tap \"Assignment 3\" (lop ) da duoc cham. Diem: 8/8. Ket qua: Dat.','Bai tap da duoc cham diem','ASSIGNMENT_GRADED',22),(36,'2026-04-21 10:35:15.222923',_binary '\0','/student/quiz','Quiz \"Quiz — Buổi 2\" da co cho lop IELTS-INT-H01.','Quiz moi duoc xuat ban','QUIZ_PUBLISHED',21),(37,'2026-04-21 10:35:15.228966',_binary '\0','/student/quiz','Quiz \"Quiz — Buổi 2\" da co cho lop IELTS-INT-H01.','Quiz moi duoc xuat ban','QUIZ_PUBLISHED',22),(38,'2026-04-21 10:35:15.230470',_binary '\0','/student/quiz','Quiz \"Quiz — Buổi 2\" da co cho lop IELTS-INT-H01.','Quiz moi duoc xuat ban','QUIZ_PUBLISHED',23),(39,'2026-04-21 10:36:40.812936',_binary '\0','/student/quiz/history','Quiz \"Quiz — Buổi 2\" (lop IELTS-INT-H01) da co ket qua. Diem: 5.00/5.00. Ket qua: Dat.','Ket qua quiz da co','QUIZ_RESULT',21),(40,'2026-04-21 18:47:33.394608',_binary '\0','/student/assignments','Bai tap \"Assignment 5\" (lop ) da duoc cham. Diem: 6/11. Ket qua: Khong dat.','Bai tap da duoc cham diem','ASSIGNMENT_GRADED',21),(41,'2026-04-22 13:27:43.843905',_binary '\0','/student/assignments','Bai tap \"Assignment 4\" (lop ) da duoc cham. Diem: 8/17. Ket qua: Khong dat.','Bai tap da duoc cham diem','ASSIGNMENT_GRADED',21),(42,'2026-04-27 06:20:43.455715',_binary '\0','/student/assignments','Bai tap \"123\" (lop ) da duoc cham. Diem: 7/12. Ket qua: Khong dat.','Bai tap da duoc cham diem','ASSIGNMENT_GRADED',21),(43,'2026-04-27 16:44:04.454853',_binary '\0','/student/assignments','Bai tap \"Assignment 11\" (lop ) da duoc cham. Diem: 7/11. Ket qua: Khong dat.','Bai tap da duoc cham diem','ASSIGNMENT_GRADED',21);
/*!40000 ALTER TABLE `notification` ENABLE KEYS */;
UNLOCK TABLES;

--
-- Table structure for table `password_reset_tokens`
--

DROP TABLE IF EXISTS `password_reset_tokens`;
/*!40101 SET @saved_cs_client     = @@character_set_client */;
/*!50503 SET character_set_client = utf8mb4 */;
CREATE TABLE `password_reset_tokens` (
  `id` int NOT NULL AUTO_INCREMENT,
  `expiry_datetime` datetime(6) NOT NULL,
  `is_used` bit(1) DEFAULT NULL,
  `token` varchar(255) NOT NULL,
  `user_id` int NOT NULL,
  PRIMARY KEY (`id`),
  KEY `FK20xweju6fxkxcx3taa9elhtew` (`user_id`),
  CONSTRAINT `FK20xweju6fxkxcx3taa9elhtew` FOREIGN KEY (`user_id`) REFERENCES `user` (`user_id`)
) ENGINE=InnoDB AUTO_INCREMENT=7 DEFAULT CHARSET=utf8mb4 COLLATE=utf8mb4_0900_ai_ci;
/*!40101 SET character_set_client = @saved_cs_client */;

--
-- Dumping data for table `password_reset_tokens`
--

LOCK TABLES `password_reset_tokens` WRITE;
/*!40000 ALTER TABLE `password_reset_tokens` DISABLE KEYS */;
INSERT INTO `password_reset_tokens` VALUES (6,'2026-03-03 16:44:22.019044',_binary '\0','af3091c7-6a61-4f33-9064-85694c264609',2);
/*!40000 ALTER TABLE `password_reset_tokens` ENABLE KEYS */;
UNLOCK TABLES;

--
-- Table structure for table `payment`
--

DROP TABLE IF EXISTS `payment`;
/*!40101 SET @saved_cs_client     = @@character_set_client */;
/*!50503 SET character_set_client = utf8mb4 */;
CREATE TABLE `payment` (
  `id` int NOT NULL AUTO_INCREMENT,
  `amount` decimal(38,2) DEFAULT NULL,
  `checkout_url` varchar(500) DEFAULT NULL,
  `created_at` datetime(6) DEFAULT NULL,
  `description` varchar(255) DEFAULT NULL,
  `paid_at` datetime(6) DEFAULT NULL,
  `payos_order_code` bigint NOT NULL,
  `payos_payment_link_id` bigint DEFAULT NULL,
  `qr_code` varchar(500) DEFAULT NULL,
  `registration_id` int NOT NULL,
  `status` varchar(50) DEFAULT NULL,
  PRIMARY KEY (`id`),
  UNIQUE KEY `UKunfhr5os47gfge6eq19tmkf4` (`payos_order_code`)
) ENGINE=InnoDB AUTO_INCREMENT=7 DEFAULT CHARSET=utf8mb4 COLLATE=utf8mb4_0900_ai_ci;
/*!40101 SET character_set_client = @saved_cs_client */;

--
-- Dumping data for table `payment`
--

LOCK TABLES `payment` WRITE;
/*!40000 ALTER TABLE `payment` DISABLE KEYS */;
INSERT INTO `payment` VALUES (1,3200000.00,NULL,'2026-04-14 20:25:36.000000',NULL,'2026-04-14 20:25:36.000000',100001,NULL,NULL,1,'PAID'),(2,3200000.00,NULL,'2026-04-14 20:25:36.000000',NULL,'2026-04-14 20:25:36.000000',100002,NULL,NULL,2,'PAID'),(3,3200000.00,NULL,'2026-04-14 20:25:36.000000',NULL,'2026-04-14 20:25:36.000000',100003,NULL,NULL,3,'PAID'),(4,3200000.00,NULL,'2026-04-14 20:25:36.000000',NULL,'2026-04-14 20:25:36.000000',100004,NULL,NULL,4,'PAID'),(5,1000.00,'https://pay.payos.vn/web/4b5ec7024f004e29b5ff47f6c4b1ce66','2026-04-17 12:21:37.522786','IELTS Academic 6.5 Intens',NULL,497522,NULL,'00020101021238570010A000000727012700069704220113VQRQAIJLX94380208QRIBFTTA5303704540410005802VN62280824IELTS Academic 65 Intens6304BFA4',8,'PENDING'),(6,10000.00,'https://pay.payos.vn/web/548d4acdfdcb440ba189b014e7ee92f1','2026-04-17 12:24:34.224183','IELTS Academic 6.5 Intens',NULL,674224,NULL,'00020101021238570010A000000727012700069704220113VQRQAIJLY92780208QRIBFTTA53037045405100005802VN62280824IELTS Academic 65 Intens63047A8E',9,'PENDING');
/*!40000 ALTER TABLE `payment` ENABLE KEYS */;
UNLOCK TABLES;

--
-- Table structure for table `payos_order_mapping`
--

DROP TABLE IF EXISTS `payos_order_mapping`;
/*!40101 SET @saved_cs_client     = @@character_set_client */;
/*!50503 SET character_set_client = utf8mb4 */;
CREATE TABLE `payos_order_mapping` (
  `id` int NOT NULL AUTO_INCREMENT,
  `created_at` datetime(6) DEFAULT NULL,
  `payos_order_code` bigint NOT NULL,
  `payos_payment_link_id` bigint DEFAULT NULL,
  `registration_id` int NOT NULL,
  PRIMARY KEY (`id`),
  UNIQUE KEY `UK68qwf9mw805j28683ti562jc4` (`payos_order_code`)
) ENGINE=InnoDB AUTO_INCREMENT=7 DEFAULT CHARSET=utf8mb4 COLLATE=utf8mb4_0900_ai_ci;
/*!40101 SET character_set_client = @saved_cs_client */;

--
-- Dumping data for table `payos_order_mapping`
--

LOCK TABLES `payos_order_mapping` WRITE;
/*!40000 ALTER TABLE `payos_order_mapping` DISABLE KEYS */;
INSERT INTO `payos_order_mapping` VALUES (1,'2026-03-24 18:19:06.135682',346134,0,221),(2,'2026-03-24 18:24:36.196748',676196,0,222),(3,'2026-03-24 18:35:12.056579',312055,0,223),(4,'2026-03-24 18:47:05.953077',25953,0,224),(5,'2026-03-24 18:54:52.340981',492340,0,225),(6,'2026-03-24 19:07:02.075493',222056,NULL,226);
/*!40000 ALTER TABLE `payos_order_mapping` ENABLE KEYS */;
UNLOCK TABLES;

--
-- Table structure for table `placement_test_answer`
--

DROP TABLE IF EXISTS `placement_test_answer`;
/*!40101 SET @saved_cs_client     = @@character_set_client */;
/*!50503 SET character_set_client = utf8mb4 */;
CREATE TABLE `placement_test_answer` (
  `id` int NOT NULL AUTO_INCREMENT,
  `answered_options` text,
  `is_correct` bit(1) DEFAULT NULL,
  `placement_result_id` int NOT NULL,
  `question_id` int NOT NULL,
  `ai_feedback` text,
  `ai_rubric_json` text,
  `ai_score` int DEFAULT NULL,
  `pending_ai_review` bit(1) DEFAULT NULL,
  `ai_max_score` int DEFAULT NULL,
  PRIMARY KEY (`id`),
  KEY `FKlyxkciqwp8ffh26lntkqvxxu1` (`placement_result_id`),
  KEY `FKkuovghh1jb6uqaoxpy94vuu97` (`question_id`),
  CONSTRAINT `FKkuovghh1jb6uqaoxpy94vuu97` FOREIGN KEY (`question_id`) REFERENCES `question` (`question_id`),
  CONSTRAINT `FKlyxkciqwp8ffh26lntkqvxxu1` FOREIGN KEY (`placement_result_id`) REFERENCES `placement_test_result` (`id`)
) ENGINE=InnoDB AUTO_INCREMENT=90 DEFAULT CHARSET=utf8mb4 COLLATE=utf8mb4_0900_ai_ci;
/*!40101 SET character_set_client = @saved_cs_client */;

--
-- Dumping data for table `placement_test_answer`
--

LOCK TABLES `placement_test_answer` WRITE;
/*!40000 ALTER TABLE `placement_test_answer` DISABLE KEYS */;
INSERT INTO `placement_test_answer` VALUES (1,'262',_binary '',1,124,NULL,NULL,NULL,NULL,NULL),(2,'266',_binary '',1,125,NULL,NULL,NULL,NULL,NULL),(3,'272',_binary '\0',1,126,NULL,NULL,NULL,NULL,NULL),(4,'274',_binary '',1,127,NULL,NULL,NULL,NULL,NULL),(5,'278',_binary '',1,128,NULL,NULL,NULL,NULL,NULL),(6,'282',_binary '',1,129,NULL,NULL,NULL,NULL,NULL),(7,'287',_binary '\0',1,130,NULL,NULL,NULL,NULL,NULL),(8,'291',_binary '\0',1,131,NULL,NULL,NULL,NULL,NULL),(9,'297',_binary '\0',1,132,NULL,NULL,NULL,NULL,NULL),(10,'299',_binary '\0',1,133,NULL,NULL,NULL,NULL,NULL),(11,'299',_binary '\0',2,133,NULL,NULL,NULL,NULL,NULL),(12,'294',_binary '\0',2,132,NULL,NULL,NULL,NULL,NULL),(13,'291',_binary '\0',2,131,NULL,NULL,NULL,NULL,NULL),(14,'286',_binary '',2,130,NULL,NULL,NULL,NULL,NULL),(15,'282',_binary '',2,129,NULL,NULL,NULL,NULL,NULL),(16,'278',_binary '',2,128,NULL,NULL,NULL,NULL,NULL),(17,'276',_binary '\0',2,127,NULL,NULL,NULL,NULL,NULL),(18,'271',_binary '\0',2,126,NULL,NULL,NULL,NULL,NULL),(19,'266',_binary '',2,125,NULL,NULL,NULL,NULL,NULL),(20,'263',_binary '\0',2,124,NULL,NULL,NULL,NULL,NULL),(21,'{\"258\":\"1\",\"259\":\"1\"}',_binary '\0',2,122,NULL,NULL,NULL,NULL,NULL),(22,'254',_binary '',2,119,NULL,NULL,NULL,NULL,NULL),(23,'252',_binary '\0',2,118,NULL,NULL,NULL,NULL,NULL),(24,'248',_binary '\0',2,117,NULL,NULL,NULL,NULL,NULL),(25,'{\"246\":\"2\",\"247\":\"1\"}',_binary '\0',2,116,NULL,NULL,NULL,NULL,NULL),(26,'{\"244\":\"1\",\"245\":\"2\"}',_binary '',2,115,NULL,NULL,NULL,NULL,NULL),(27,'{\"242\":\"2\",\"243\":\"1\"}',_binary '\0',2,114,NULL,NULL,NULL,NULL,NULL),(28,'{\"260\":\"2\",\"261\":\"1\"}',_binary '\0',2,123,NULL,NULL,NULL,NULL,NULL),(29,'236',_binary '\0',2,112,NULL,NULL,NULL,NULL,NULL),(30,'233',_binary '\0',2,111,NULL,NULL,NULL,NULL,NULL),(31,'230',_binary '\0',2,110,NULL,NULL,NULL,NULL,NULL),(32,'{\"224\":\"1\",\"225\":\"2\"}',_binary '',2,107,NULL,NULL,NULL,NULL,NULL),(33,'298',_binary '',3,133,NULL,NULL,NULL,NULL,NULL),(34,'294',_binary '\0',3,132,NULL,NULL,NULL,NULL,NULL),(35,'290',_binary '',3,131,NULL,NULL,NULL,NULL,NULL),(36,'286',_binary '',3,130,NULL,NULL,NULL,NULL,NULL),(37,'285',_binary '\0',3,129,NULL,NULL,NULL,NULL,NULL),(38,'279',_binary '\0',3,128,NULL,NULL,NULL,NULL,NULL),(39,'275',_binary '\0',3,127,NULL,NULL,NULL,NULL,NULL),(40,'271',_binary '\0',3,126,NULL,NULL,NULL,NULL,NULL),(41,'267',_binary '\0',3,125,NULL,NULL,NULL,NULL,NULL),(42,'262',_binary '',3,124,NULL,NULL,NULL,NULL,NULL),(43,'299',_binary '\0',4,133,NULL,NULL,NULL,NULL,NULL),(44,'294',_binary '\0',4,132,NULL,NULL,NULL,NULL,NULL),(45,'290',_binary '',4,131,NULL,NULL,NULL,NULL,NULL),(46,'286',_binary '',4,130,NULL,NULL,NULL,NULL,NULL),(47,'282',_binary '',4,129,NULL,NULL,NULL,NULL,NULL),(48,'279',_binary '\0',4,128,NULL,NULL,NULL,NULL,NULL),(49,'275',_binary '\0',4,127,NULL,NULL,NULL,NULL,NULL),(50,'271',_binary '\0',4,126,NULL,NULL,NULL,NULL,NULL),(51,'267',_binary '\0',4,125,NULL,NULL,NULL,NULL,NULL),(52,'264',_binary '\0',4,124,NULL,NULL,NULL,NULL,NULL),(53,'{\"258\":\"2\",\"259\":\"1\"}',_binary '\0',4,122,NULL,NULL,NULL,NULL,NULL),(54,'{\"260\":\"2\",\"261\":\"2\"}',_binary '\0',4,123,NULL,NULL,NULL,NULL,NULL),(55,'255',_binary '\0',4,119,NULL,NULL,NULL,NULL,NULL),(56,'251',_binary '\0',4,118,NULL,NULL,NULL,NULL,NULL),(57,'248',_binary '\0',4,117,NULL,NULL,NULL,NULL,NULL),(58,'{\"246\":\"1\",\"247\":\"2\"}',_binary '',4,116,NULL,NULL,NULL,NULL,NULL),(59,'{\"244\":\"2\",\"245\":\"1\"}',_binary '\0',4,115,NULL,NULL,NULL,NULL,NULL),(60,'{\"242\":\"2\",\"243\":\"1\"}',_binary '\0',4,114,NULL,NULL,NULL,NULL,NULL),(61,'\"\"',NULL,5,136,NULL,NULL,NULL,_binary '',NULL),(62,'\"**Environmental Pollution**\\n\\nEnvironmental pollution is one of the most serious problems facing the world today. It occurs when harmful substances are introduced into the natural environment, causing damage to ecosystems, human health, and wildlife. Pollution can take many forms, including air, water, and soil pollution, each with its own causes and consequences.\\n\\nAir pollution is mainly caused by the release of harmful gases and particles from vehicles, factories, and burning fossil fuels. This type of pollution leads to respiratory diseases, global warming, and climate change. Water pollution, on the other hand, happens when waste products, chemicals, and plastics are dumped into rivers, lakes, and oceans. It not only affects marine life but also contaminates drinking water sources, posing serious health risks to humans. Soil pollution is often the result of excessive use of pesticides, industrial waste, and improper disposal of garbage, which reduces soil fertility and harms agricultural productivity.\\n\\nThe causes of environmental pollution are largely linked to human activities. Rapid industrialization, urbanization, and population growth have increased the demand for energy and resources, leading to higher levels of waste and emissions. Additionally, lack of awareness and weak environmental regulations contribute to the worsening situation.\\n\\nTo address environmental pollution, both individuals and governments must take action. People can reduce pollution by using public transportation, recycling, conserving energy, and avoiding single-use plastics. Governments should enforce stricter laws, promote renewable energy sources, and invest in sustainable development. Education also plays a key role in raising awareness and encouraging environmentally friendly behavior.\\n\\nIn conclusion, environmental pollution is a global issue that requires immediate attention. By working together and adopting sustainable practices, we can protect the environment and ensure a healthier future for generations to come.\\n\"',NULL,6,137,NULL,NULL,NULL,_binary '',NULL),(63,'\"**Environmental Pollution**\\n\\nEnvironmental pollution is one of the most serious problems facing the world today. It occurs when harmful substances are introduced into the natural environment, causing damage to ecosystems, human health, and wildlife. Pollution can take many forms, including air, water, and soil pollution, each with its own causes and consequences.\\n\\nAir pollution is mainly caused by the release of harmful gases and particles from vehicles, factories, and burning fossil fuels. This type of pollution leads to respiratory diseases, global warming, and climate change. Water pollution, on the other hand, happens when waste products, chemicals, and plastics are dumped into rivers, lakes, and oceans. It not only affects marine life but also contaminates drinking water sources, posing serious health risks to humans. Soil pollution is often the result of excessive use of pesticides, industrial waste, and improper disposal of garbage, which reduces soil fertility and harms agricultural productivity.\\n\\nThe causes of environmental pollution are largely linked to human activities. Rapid industrialization, urbanization, and population growth have increased the demand for energy and resources, leading to higher levels of waste and emissions. Additionally, lack of awareness and weak environmental regulations contribute to the worsening situation.\\n\\nTo address environmental pollution, both individuals and governments must take action. People can reduce pollution by using public transportation, recycling, conserving energy, and avoiding single-use plastics. Governments should enforce stricter laws, promote renewable energy sources, and invest in sustainable development. Education also plays a key role in raising awareness and encouraging environmentally friendly behavior.\\n\\nIn conclusion, environmental pollution is a global issue that requires immediate attention. By working together and adopting sustainable practices, we can protect the environment and ensure a healthier future for generations to come.\\n\"',NULL,7,137,NULL,NULL,NULL,_binary '',NULL),(64,'\"\"',NULL,8,136,NULL,NULL,NULL,_binary '',NULL),(65,'\"https://res.cloudinary.com/decqv3ed0/video/upload/v1774809799/o62pt4gmwpalr0upmlbm.webm\"',_binary '\0',9,136,'AI grading unavailable. Please contact support.',NULL,NULL,_binary '\0',NULL),(66,'\"**Environmental Pollution**\\n\\nEnvironmental pollution is one of the most serious problems facing the world today. It occurs when harmful substances are introduced into the natural environment, causing damage to ecosystems, human health, and wildlife. Pollution can take many forms, including air, water, and soil pollution, each with its own causes and consequences.\\n\\nAir pollution is mainly caused by the release of harmful gases and particles from vehicles, factories, and burning fossil fuels. This type of pollution leads to respiratory diseases, global warming, and climate change. Water pollution, on the other hand, happens when waste products, chemicals, and plastics are dumped into rivers, lakes, and oceans. It not only affects marine life but also contaminates drinking water sources, posing serious health risks to humans. Soil pollution is often the result of excessive use of pesticides, industrial waste, and improper disposal of garbage, which reduces soil fertility and harms agricultural productivity.\\n\\nThe causes of environmental pollution are largely linked to human activities. Rapid industrialization, urbanization, and population growth have increased the demand for energy and resources, leading to higher levels of waste and emissions. Additionally, lack of awareness and weak environmental regulations contribute to the worsening situation.\\n\\nTo address environmental pollution, both individuals and governments must take action. People can reduce pollution by using public transportation, recycling, conserving energy, and avoiding single-use plastics. Governments should enforce stricter laws, promote renewable energy sources, and invest in sustainable development. Education also plays a key role in raising awareness and encouraging environmentally friendly behavior.\\n\\nIn conclusion, environmental pollution is a global issue that requires immediate attention. By working together and adopting sustainable practices, we can protect the environment and ensure a healthier future for generations to come.\\n\"',_binary '\0',10,137,'AI grading unavailable. Please contact support.',NULL,NULL,_binary '\0',NULL),(67,'\"https://res.cloudinary.com/decqv3ed0/video/upload/v1774810221/psplnnfiufxjay3spmqw.webm\"',_binary '\0',11,136,'AI grading unavailable. Please contact support.',NULL,NULL,_binary '\0',NULL),(68,'\"**Environmental Pollution**\\n\\nEnvironmental pollution is one of the most serious problems facing the world today. It occurs when harmful substances are introduced into the natural environment, causing damage to ecosystems, human health, and wildlife. Pollution can take many forms, including air, water, and soil pollution, each with its own causes and consequences.\\n\\nAir pollution is mainly caused by the release of harmful gases and particles from vehicles, factories, and burning fossil fuels. This type of pollution leads to respiratory diseases, global warming, and climate change. Water pollution, on the other hand, happens when waste products, chemicals, and plastics are dumped into rivers, lakes, and oceans. It not only affects marine life but also contaminates drinking water sources, posing serious health risks to humans. Soil pollution is often the result of excessive use of pesticides, industrial waste, and improper disposal of garbage, which reduces soil fertility and harms agricultural productivity.\\n\\nThe causes of environmental pollution are largely linked to human activities. Rapid industrialization, urbanization, and population growth have increased the demand for energy and resources, leading to higher levels of waste and emissions. Additionally, lack of awareness and weak environmental regulations contribute to the worsening situation.\\n\\nTo address environmental pollution, both individuals and governments must take action. People can reduce pollution by using public transportation, recycling, conserving energy, and avoiding single-use plastics. Governments should enforce stricter laws, promote renewable energy sources, and invest in sustainable development. Education also plays a key role in raising awareness and encouraging environmentally friendly behavior.\\n\\nIn conclusion, environmental pollution is a global issue that requires immediate attention. By working together and adopting sustainable practices, we can protect the environment and ensure a healthier future for generations to come.\\n\"',NULL,12,137,NULL,NULL,NULL,_binary '',NULL),(69,'\"https://res.cloudinary.com/decqv3ed0/video/upload/v1774811029/bvapbnubv8kec4cp0jkq.webm\"',_binary '\0',13,136,'Học sinh chưa trả lời đúng câu hỏi, cần cải thiện vốn từ và kỹ năng phát âm. Hãy cố gắng mô tả gia đình của mình một cách rõ ràng và lưu loát hơn.','{\"task_achievement\":0,\"lexical_resource\":0,\"pronunciation\":0,\"fluency\":0}',0,_binary '\0',NULL),(70,'\"**Environmental Pollution**\\n\\nEnvironmental pollution is one of the most serious problems facing the world today. It occurs when harmful substances are introduced into the natural environment, causing damage to ecosystems, human health, and wildlife. Pollution can take many forms, including air, water, and soil pollution, each with its own causes and consequences.\\n\\nAir pollution is mainly caused by the release of harmful gases and particles from vehicles, factories, and burning fossil fuels. This type of pollution leads to respiratory diseases, global warming, and climate change. Water pollution, on the other hand, happens when waste products, chemicals, and plastics are dumped into rivers, lakes, and oceans. It not only affects marine life but also contaminates drinking water sources, posing serious health risks to humans. Soil pollution is often the result of excessive use of pesticides, industrial waste, and improper disposal of garbage, which reduces soil fertility and harms agricultural productivity.\\n\\nThe causes of environmental pollution are largely linked to human activities. Rapid industrialization, urbanization, and population growth have increased the demand for energy and resources, leading to higher levels of waste and emissions. Additionally, lack of awareness and weak environmental regulations contribute to the worsening situation.\\n\\nTo address environmental pollution, both individuals and governments must take action. People can reduce pollution by using public transportation, recycling, conserving energy, and avoiding single-use plastics. Governments should enforce stricter laws, promote renewable energy sources, and invest in sustainable development. Education also plays a key role in raising awareness and encouraging environmentally friendly behavior.\\n\\nIn conclusion, environmental pollution is a global issue that requires immediate attention. By working together and adopting sustainable practices, we can protect the environment and ensure a healthier future for generations to come.\\n\"',_binary '',14,137,'Bài viết đã hoàn thành tốt yêu cầu đề bài, thể hiện sự phong phú về vốn từ vựng và cấu trúc câu. Tuy nhiên, vẫn cần cải thiện về độ chính xác ngữ pháp và liên kết giữa các đoạn văn.','{\"task_achievement\":9,\"lexical_resource\":9,\"grammar\":8,\"coherence_cohesion\":10}',36,_binary '\0',NULL),(71,'\"**Environment Pollution**\\n\\nEnvironmental pollution is one of the most serious challenges facing the world today. It occurs when harmful substances—such as chemicals, waste, or noise—are introduced into the natural environment, causing damage to ecosystems and human health. Pollution affects the air we breathe, the water we drink, and the land we depend on for food and shelter.\\n\\nThere are several main types of environmental pollution. Air pollution is caused by emissions from vehicles, factories, and the burning of fossil fuels. These pollutants release harmful gases like carbon dioxide and sulfur dioxide, contributing to global warming and respiratory diseases. Water pollution occurs when waste, chemicals, and plastics are dumped into rivers, lakes, and oceans, harming aquatic life and contaminating drinking water sources. Land pollution, on the other hand, is the result of improper waste disposal, deforestation, and excessive use of pesticides, which degrade soil quality and reduce biodiversity.\\n\\nThe causes of environmental pollution are largely linked to human activities. Rapid industrialization, urbanization, and population growth have increased the demand for energy and resources, leading to higher levels of pollution. In addition, a lack of awareness and weak environmental regulations in some regions worsen the problem.\\n\\nThe consequences of pollution are severe. It not only harms wildlife and natural habitats but also affects human health, causing diseases such as asthma, cancer, and heart conditions. Moreover, pollution contributes to climate change, which leads to rising sea levels, extreme weather events, and loss of biodiversity.\\n\\nTo address environmental pollution, both individuals and governments must take action. People can reduce waste, recycle materials, conserve energy, and use eco-friendly products. Governments should enforce strict environmental laws, invest in renewable energy, and promote sustainable development. Education and awareness also play a key role in encouraging responsible behavior.\\n\\nIn conclusion, environmental pollution is a global issue that requires immediate and collective efforts. By making conscious choices and implementing effective policies, we can protect our planet and ensure a healthier future for generations to come.\\n\"',_binary '\0',15,137,'AI grading unavailable. Please contact support.',NULL,NULL,_binary '\0',NULL),(72,'\"https://res.cloudinary.com/decqv3ed0/video/upload/v1774884819/g7m0t7onskn4rvs4nv0k.webm\"',_binary '\0',16,136,'AI grading unavailable. Please contact support.',NULL,NULL,_binary '\0',NULL),(73,'\"**Environment Pollution**\\n\\nEnvironmental pollution is one of the most serious challenges facing the world today. It occurs when harmful substances—such as chemicals, waste, or noise—are introduced into the natural environment, causing damage to ecosystems and human health. Pollution affects the air we breathe, the water we drink, and the land we depend on for food and shelter.\\n\\nThere are several main types of environmental pollution. Air pollution is caused by emissions from vehicles, factories, and the burning of fossil fuels. These pollutants release harmful gases like carbon dioxide and sulfur dioxide, contributing to global warming and respiratory diseases. Water pollution occurs when waste, chemicals, and plastics are dumped into rivers, lakes, and oceans, harming aquatic life and contaminating drinking water sources. Land pollution, on the other hand, is the result of improper waste disposal, deforestation, and excessive use of pesticides, which degrade soil quality and reduce biodiversity.\\n\\nThe causes of environmental pollution are largely linked to human activities. Rapid industrialization, urbanization, and population growth have increased the demand for energy and resources, leading to higher levels of pollution. In addition, a lack of awareness and weak environmental regulations in some regions worsen the problem.\\n\\nThe consequences of pollution are severe. It not only harms wildlife and natural habitats but also affects human health, causing diseases such as asthma, cancer, and heart conditions. Moreover, pollution contributes to climate change, which leads to rising sea levels, extreme weather events, and loss of biodiversity.\\n\\nTo address environmental pollution, both individuals and governments must take action. People can reduce waste, recycle materials, conserve energy, and use eco-friendly products. Governments should enforce strict environmental laws, invest in renewable energy, and promote sustainable development. Education and awareness also play a key role in encouraging responsible behavior.\\n\\nIn conclusion, environmental pollution is a global issue that requires immediate and collective efforts. By making conscious choices and implementing effective policies, we can protect our planet and ensure a healthier future for generations to come.\\n\"',_binary '\0',17,137,'AI grading unavailable. Please contact support.',NULL,NULL,_binary '\0',NULL),(74,'\"https://res.cloudinary.com/decqv3ed0/video/upload/v1774885692/b0fjm3fllhm4fjnaewth.webm\"',_binary '\0',18,136,'AI grading unavailable. Please contact support.',NULL,NULL,_binary '\0',NULL),(75,'\"**Environment Pollution**\\n\\nEnvironmental pollution is one of the most serious challenges facing the world today. It occurs when harmful substances—such as chemicals, waste, or noise—are introduced into the natural environment, causing damage to ecosystems and human health. Pollution affects the air we breathe, the water we drink, and the land we depend on for food and shelter.\\n\\nThere are several main types of environmental pollution. Air pollution is caused by emissions from vehicles, factories, and the burning of fossil fuels. These pollutants release harmful gases like carbon dioxide and sulfur dioxide, contributing to global warming and respiratory diseases. Water pollution occurs when waste, chemicals, and plastics are dumped into rivers, lakes, and oceans, harming aquatic life and contaminating drinking water sources. Land pollution, on the other hand, is the result of improper waste disposal, deforestation, and excessive use of pesticides, which degrade soil quality and reduce biodiversity.\\n\\nThe causes of environmental pollution are largely linked to human activities. Rapid industrialization, urbanization, and population growth have increased the demand for energy and resources, leading to higher levels of pollution. In addition, a lack of awareness and weak environmental regulations in some regions worsen the problem.\\n\\nThe consequences of pollution are severe. It not only harms wildlife and natural habitats but also affects human health, causing diseases such as asthma, cancer, and heart conditions. Moreover, pollution contributes to climate change, which leads to rising sea levels, extreme weather events, and loss of biodiversity.\\n\\nTo address environmental pollution, both individuals and governments must take action. People can reduce waste, recycle materials, conserve energy, and use eco-friendly products. Governments should enforce strict environmental laws, invest in renewable energy, and promote sustainable development. Education and awareness also play a key role in encouraging responsible behavior.\\n\\nIn conclusion, environmental pollution is a global issue that requires immediate and collective efforts. By making conscious choices and implementing effective policies, we can protect our planet and ensure a healthier future for generations to come.\\n\"',_binary '',19,137,'Bài viết đã hoàn thành tốt yêu cầu đề bài, thể hiện vốn từ vựng phong phú và độ chính xác ngữ pháp cao. Tuy nhiên, cần cải thiện hơn nữa về mặt liên kết câu và đoạn văn để tăng tính mạch lạc.','{\"task_achievement\":1,\"lexical_resource\":1,\"grammar\":1,\"coherence_cohesion\":1}',4,_binary '\0',NULL),(76,'\"Environmental pollution is one of the most serious challenges facing the modern world. As industrialization and urbanization continue to expand, the natural environment is increasingly exposed to harmful substances and destructive human activities. Pollution not only damages ecosystems but also threatens human health and the sustainability of life on Earth.\\n\\nThere are several major types of environmental pollution, including air, water, soil, and noise pollution. Air pollution is primarily caused by emissions from vehicles, factories, and the burning of fossil fuels, leading to serious health issues such as respiratory diseases and contributing to global warming. Water pollution occurs when industrial waste, chemicals, and plastic debris are discharged into rivers, lakes, and oceans, endangering aquatic life and contaminating drinking water sources. Soil pollution results from the excessive use of pesticides, fertilizers, and improper waste disposal, which reduce land fertility and affect food production. Additionally, noise pollution from traffic and construction disrupts both human life and wildlife.\\n\\nThe causes of pollution are largely linked to human activities. Rapid industrial growth, population increase, deforestation, and the overconsumption of natural resources all play significant roles. Many industries release untreated waste into the environment, while individuals often lack awareness about proper waste management. The widespread use of single-use plastics has also worsened the problem.\\n\\nThe effects of environmental pollution are far-reaching and severe. It leads to various health problems, including asthma, heart disease, and even cancer. Furthermore, pollution contributes to climate change, which causes rising temperatures, extreme weather events, and the loss of biodiversity. Ecosystems are disrupted, and many species face extinction as their natural habitats are destroyed.\\n\\nTo address this issue, both individuals and governments must take responsibility. Individuals can reduce waste, recycle materials, and adopt eco-friendly habits such as using public transportation and minimizing plastic use. Governments should implement strict environmental regulations, promote renewable energy sources, and invest in sustainable development. Education and awareness campaigns are also essential to encourage people to protect the environment.\\n\\nIn conclusion, environmental pollution is a global problem that requires urgent and collective action. By changing our behaviors and enforcing effective policies, we can reduce pollution and preserve the planet for future generations.\"',NULL,20,137,NULL,NULL,NULL,_binary '',NULL),(77,'\"Environmental pollution is one of the most serious challenges facing the modern world. As industrialization and urbanization continue to expand, the natural environment is increasingly exposed to harmful substances and destructive human activities. Pollution not only damages ecosystems but also threatens human health and the sustainability of life on Earth.\\n\\nThere are several major types of environmental pollution, including air, water, soil, and noise pollution. Air pollution is primarily caused by emissions from vehicles, factories, and the burning of fossil fuels, leading to serious health issues such as respiratory diseases and contributing to global warming. Water pollution occurs when industrial waste, chemicals, and plastic debris are discharged into rivers, lakes, and oceans, endangering aquatic life and contaminating drinking water sources. Soil pollution results from the excessive use of pesticides, fertilizers, and improper waste disposal, which reduce land fertility and affect food production. Additionally, noise pollution from traffic and construction disrupts both human life and wildlife.\\n\\nThe causes of pollution are largely linked to human activities. Rapid industrial growth, population increase, deforestation, and the overconsumption of natural resources all play significant roles. Many industries release untreated waste into the environment, while individuals often lack awareness about proper waste management. The widespread use of single-use plastics has also worsened the problem.\\n\\nThe effects of environmental pollution are far-reaching and severe. It leads to various health problems, including asthma, heart disease, and even cancer. Furthermore, pollution contributes to climate change, which causes rising temperatures, extreme weather events, and the loss of biodiversity. Ecosystems are disrupted, and many species face extinction as their natural habitats are destroyed.\\n\\nTo address this issue, both individuals and governments must take responsibility. Individuals can reduce waste, recycle materials, and adopt eco-friendly habits such as using public transportation and minimizing plastic use. Governments should implement strict environmental regulations, promote renewable energy sources, and invest in sustainable development. Education and awareness campaigns are also essential to encourage people to protect the environment.\\n\\nIn conclusion, environmental pollution is a global problem that requires urgent and collective action. By changing our behaviors and enforcing effective policies, we can reduce pollution and preserve the planet for future generations.\"',NULL,21,137,NULL,NULL,NULL,_binary '',NULL),(78,'\"Environmental pollution is one of the most serious challenges facing the modern world. As industrialization and urbanization continue to expand, the natural environment is increasingly exposed to harmful substances and destructive human activities. Pollution not only damages ecosystems but also threatens human health and the sustainability of life on Earth.\\n\\nThere are several major types of environmental pollution, including air, water, soil, and noise pollution. Air pollution is primarily caused by emissions from vehicles, factories, and the burning of fossil fuels, leading to serious health issues such as respiratory diseases and contributing to global warming. Water pollution occurs when industrial waste, chemicals, and plastic debris are discharged into rivers, lakes, and oceans, endangering aquatic life and contaminating drinking water sources. Soil pollution results from the excessive use of pesticides, fertilizers, and improper waste disposal, which reduce land fertility and affect food production. Additionally, noise pollution from traffic and construction disrupts both human life and wildlife.\\n\\nThe causes of pollution are largely linked to human activities. Rapid industrial growth, population increase, deforestation, and the overconsumption of natural resources all play significant roles. Many industries release untreated waste into the environment, while individuals often lack awareness about proper waste management. The widespread use of single-use plastics has also worsened the problem.\\n\\nThe effects of environmental pollution are far-reaching and severe. It leads to various health problems, including asthma, heart disease, and even cancer. Furthermore, pollution contributes to climate change, which causes rising temperatures, extreme weather events, and the loss of biodiversity. Ecosystems are disrupted, and many species face extinction as their natural habitats are destroyed.\\n\\nTo address this issue, both individuals and governments must take responsibility. Individuals can reduce waste, recycle materials, and adopt eco-friendly habits such as using public transportation and minimizing plastic use. Governments should implement strict environmental regulations, promote renewable energy sources, and invest in sustainable development. Education and awareness campaigns are also essential to encourage people to protect the environment.\\n\\nIn conclusion, environmental pollution is a global problem that requires urgent and collective action. By changing our behaviors and enforcing effective policies, we can reduce pollution and preserve the planet for future generations.\"',NULL,22,137,NULL,NULL,NULL,_binary '',NULL),(79,'\"Environmental pollution is one of the most serious challenges facing the modern world. As industrialization and urbanization continue to expand, the natural environment is increasingly exposed to harmful substances and destructive human activities. Pollution not only damages ecosystems but also threatens human health and the sustainability of life on Earth.\\n\\nThere are several major types of environmental pollution, including air, water, soil, and noise pollution. Air pollution is primarily caused by emissions from vehicles, factories, and the burning of fossil fuels, leading to serious health issues such as respiratory diseases and contributing to global warming. Water pollution occurs when industrial waste, chemicals, and plastic debris are discharged into rivers, lakes, and oceans, endangering aquatic life and contaminating drinking water sources. Soil pollution results from the excessive use of pesticides, fertilizers, and improper waste disposal, which reduce land fertility and affect food production. Additionally, noise pollution from traffic and construction disrupts both human life and wildlife.\\n\\nThe causes of pollution are largely linked to human activities. Rapid industrial growth, population increase, deforestation, and the overconsumption of natural resources all play significant roles. Many industries release untreated waste into the environment, while individuals often lack awareness about proper waste management. The widespread use of single-use plastics has also worsened the problem.\\n\\nThe effects of environmental pollution are far-reaching and severe. It leads to various health problems, including asthma, heart disease, and even cancer. Furthermore, pollution contributes to climate change, which causes rising temperatures, extreme weather events, and the loss of biodiversity. Ecosystems are disrupted, and many species face extinction as their natural habitats are destroyed.\\n\\nTo address this issue, both individuals and governments must take responsibility. Individuals can reduce waste, recycle materials, and adopt eco-friendly habits such as using public transportation and minimizing plastic use. Governments should implement strict environmental regulations, promote renewable energy sources, and invest in sustainable development. Education and awareness campaigns are also essential to encourage people to protect the environment.\\n\\nIn conclusion, environmental pollution is a global problem that requires urgent and collective action. By changing our behaviors and enforcing effective policies, we can reduce pollution and preserve the planet for future generations.\"',_binary '',23,137,'Bài viết của bạn đã thể hiện sự hiểu biết tốt về vấn đề ô nhiễm môi trường và các giải pháp cần thiết. Tuy nhiên, có thể cải thiện thêm về vốn từ vựng và cấu trúc câu để bài viết trở nên phong phú và mạch lạc hơn.','{\"task_achievement\":9,\"lexical_resource\":8,\"grammar\":9,\"coherence_cohesion\":10}',36,_binary '\0',NULL),(80,'\"Environmental pollution is one of the most serious challenges facing the modern world. As industrialization and urbanization continue to expand, the natural environment is increasingly exposed to harmful substances and destructive human activities. Pollution not only damages ecosystems but also threatens human health and the sustainability of life on Earth.\\n\\nThere are several major types of environmental pollution, including air, water, soil, and noise pollution. Air pollution is primarily caused by emissions from vehicles, factories, and the burning of fossil fuels, leading to serious health issues such as respiratory diseases and contributing to global warming. Water pollution occurs when industrial waste, chemicals, and plastic debris are discharged into rivers, lakes, and oceans, endangering aquatic life and contaminating drinking water sources. Soil pollution results from the excessive use of pesticides, fertilizers, and improper waste disposal, which reduce land fertility and affect food production. Additionally, noise pollution from traffic and construction disrupts both human life and wildlife.\\n\\nThe causes of pollution are largely linked to human activities. Rapid industrial growth, population increase, deforestation, and the overconsumption of natural resources all play significant roles. Many industries release untreated waste into the environment, while individuals often lack awareness about proper waste management. The widespread use of single-use plastics has also worsened the problem.\\n\\nThe effects of environmental pollution are far-reaching and severe. It leads to various health problems, including asthma, heart disease, and even cancer. Furthermore, pollution contributes to climate change, which causes rising temperatures, extreme weather events, and the loss of biodiversity. Ecosystems are disrupted, and many species face extinction as their natural habitats are destroyed.\\n\\nTo address this issue, both individuals and governments must take responsibility. Individuals can reduce waste, recycle materials, and adopt eco-friendly habits such as using public transportation and minimizing plastic use. Governments should implement strict environmental regulations, promote renewable energy sources, and invest in sustainable development. Education and awareness campaigns are also essential to encourage people to protect the environment.\\n\\nIn conclusion, environmental pollution is a global problem that requires urgent and collective action. By changing our behaviors and enforcing effective policies, we can reduce pollution and preserve the planet for future generations.\"',NULL,24,137,NULL,NULL,NULL,_binary '',NULL),(81,'\"Environmental pollution is one of the most serious challenges facing the modern world. As industrialization and urbanization continue to expand, the natural environment is increasingly exposed to harmful substances and destructive human activities. Pollution not only damages ecosystems but also threatens human health and the sustainability of life on Earth.\\n\\nThere are several major types of environmental pollution, including air, water, soil, and noise pollution. Air pollution is primarily caused by emissions from vehicles, factories, and the burning of fossil fuels, leading to serious health issues such as respiratory diseases and contributing to global warming. Water pollution occurs when industrial waste, chemicals, and plastic debris are discharged into rivers, lakes, and oceans, endangering aquatic life and contaminating drinking water sources. Soil pollution results from the excessive use of pesticides, fertilizers, and improper waste disposal, which reduce land fertility and affect food production. Additionally, noise pollution from traffic and construction disrupts both human life and wildlife.\\n\\nThe causes of pollution are largely linked to human activities. Rapid industrial growth, population increase, deforestation, and the overconsumption of natural resources all play significant roles. Many industries release untreated waste into the environment, while individuals often lack awareness about proper waste management. The widespread use of single-use plastics has also worsened the problem.\\n\\nThe effects of environmental pollution are far-reaching and severe. It leads to various health problems, including asthma, heart disease, and even cancer. Furthermore, pollution contributes to climate change, which causes rising temperatures, extreme weather events, and the loss of biodiversity. Ecosystems are disrupted, and many species face extinction as their natural habitats are destroyed.\\n\\nTo address this issue, both individuals and governments must take responsibility. Individuals can reduce waste, recycle materials, and adopt eco-friendly habits such as using public transportation and minimizing plastic use. Governments should implement strict environmental regulations, promote renewable energy sources, and invest in sustainable development. Education and awareness campaigns are also essential to encourage people to protect the environment.\\n\\nIn conclusion, environmental pollution is a global problem that requires urgent and collective action. By changing our behaviors and enforcing effective policies, we can reduce pollution and preserve the planet for future generations.\"',_binary '',25,137,'Bài viết của bạn đã thể hiện sự hiểu biết tốt về vấn đề ô nhiễm môi trường và các giải pháp cần thiết. Tuy nhiên, cần cải thiện về vốn từ vựng và cấu trúc câu để đạt được sự đa dạng và chính xác hơn.','{\"task_achievement\":9,\"lexical_resource\":8,\"grammar\":9,\"coherence_cohesion\":9}',35,_binary '\0',NULL),(82,'\"https://res.cloudinary.com/decqv3ed0/video/upload/v1774972299/dpgee9spnnjznzzecvuj.webm\"',_binary '\0',26,136,'AI grading unavailable. Please contact support.',NULL,NULL,_binary '\0',NULL),(83,'\"https://res.cloudinary.com/decqv3ed0/video/upload/v1774973078/zn5blge7xg0zvaatfeah.webm\"',_binary '\0',27,136,'AI grading unavailable. Please contact support.',NULL,NULL,_binary '\0',NULL),(84,'\"https://res.cloudinary.com/decqv3ed0/video/upload/v1774973254/vuik5rd5o5ztddx8qw8f.webm\"',_binary '\0',28,136,'Học sinh chưa thể hiện khả năng nói về gia đình một cách rõ ràng và mạch lạc. Cần cải thiện khả năng sử dụng từ vựng và phát âm đúng.','{\"task_achievement\":0,\"lexical_resource\":0,\"pronunciation\":0,\"fluency\":0}',0,_binary '\0',NULL),(85,'\"Environmental pollution is one of the most serious challenges facing the modern world. As industrialization and urbanization continue to expand, the natural environment is increasingly exposed to harmful substances and destructive human activities. Pollution not only damages ecosystems but also threatens human health and the sustainability of life on Earth.\\n\\nThere are several major types of environmental pollution, including air, water, soil, and noise pollution. Air pollution is primarily caused by emissions from vehicles, factories, and the burning of fossil fuels, leading to serious health issues such as respiratory diseases and contributing to global warming. Water pollution occurs when industrial waste, chemicals, and plastic debris are discharged into rivers, lakes, and oceans, endangering aquatic life and contaminating drinking water sources. Soil pollution results from the excessive use of pesticides, fertilizers, and improper waste disposal, which reduce land fertility and affect food production. Additionally, noise pollution from traffic and construction disrupts both human life and wildlife.\\n\\nThe causes of pollution are largely linked to human activities. Rapid industrial growth, population increase, deforestation, and the overconsumption of natural resources all play significant roles. Many industries release untreated waste into the environment, while individuals often lack awareness about proper waste management. The widespread use of single-use plastics has also worsened the problem.\\n\\nThe effects of environmental pollution are far-reaching and severe. It leads to various health problems, including asthma, heart disease, and even cancer. Furthermore, pollution contributes to climate change, which causes rising temperatures, extreme weather events, and the loss of biodiversity. Ecosystems are disrupted, and many species face extinction as their natural habitats are destroyed.\\n\\nTo address this issue, both individuals and governments must take responsibility. Individuals can reduce waste, recycle materials, and adopt eco-friendly habits such as using public transportation and minimizing plastic use. Governments should implement strict environmental regulations, promote renewable energy sources, and invest in sustainable development. Education and awareness campaigns are also essential to encourage people to protect the environment.\\n\\nIn conclusion, environmental pollution is a global problem that requires urgent and collective action. By changing our behaviors and enforcing effective policies, we can reduce pollution and preserve the planet for future generations.\"',_binary '',29,137,'Bài viết đã đạt được yêu cầu đề bài, trình bày rõ ràng và mạch lạc. Tuy nhiên, vẫn cần cải thiện về vốn từ vựng và độ chính xác ngữ pháp.','{\"task_achievement\":9,\"lexical_resource\":8,\"grammar\":9,\"coherence_cohesion\":10}',36,_binary '\0',NULL),(86,'\"Environmental pollution is one of the most serious challenges facing the modern world. As industrialization and urbanization continue to expand, the natural environment is increasingly exposed to harmful substances and destructive human activities. Pollution not only damages ecosystems but also threatens human health and the sustainability of life on Earth.\\n\\nThere are several major types of environmental pollution, including air, water, soil, and noise pollution. Air pollution is primarily caused by emissions from vehicles, factories, and the burning of fossil fuels, leading to serious health issues such as respiratory diseases and contributing to global warming. Water pollution occurs when industrial waste, chemicals, and plastic debris are discharged into rivers, lakes, and oceans, endangering aquatic life and contaminating drinking water sources. Soil pollution results from the excessive use of pesticides, fertilizers, and improper waste disposal, which reduce land fertility and affect food production. Additionally, noise pollution from traffic and construction disrupts both human life and wildlife.\\n\\nThe causes of pollution are largely linked to human activities. Rapid industrial growth, population increase, deforestation, and the overconsumption of natural resources all play significant roles. Many industries release untreated waste into the environment, while individuals often lack awareness about proper waste management. The widespread use of single-use plastics has also worsened the problem.\\n\\nThe effects of environmental pollution are far-reaching and severe. It leads to various health problems, including asthma, heart disease, and even cancer. Furthermore, pollution contributes to climate change, which causes rising temperatures, extreme weather events, and the loss of biodiversity. Ecosystems are disrupted, and many species face extinction as their natural habitats are destroyed.\\n\\nTo address this issue, both individuals and governments must take responsibility. Individuals can reduce waste, recycle materials, and adopt eco-friendly habits such as using public transportation and minimizing plastic use. Governments should implement strict environmental regulations, promote renewable energy sources, and invest in sustainable development. Education and awareness campaigns are also essential to encourage people to protect the environment.\\n\\nIn conclusion, environmental pollution is a global problem that requires urgent and collective action. By changing our behaviors and enforcing effective policies, we can reduce pollution and preserve the planet for future generations.\"',_binary '',30,137,'Bài viết đã hoàn thành tốt yêu cầu đề bài, trình bày rõ ràng và mạch lạc. Tuy nhiên, vẫn cần cải thiện vốn từ vựng và độ chính xác ngữ pháp để đạt điểm cao hơn.','{\"task_achievement\":9,\"lexical_resource\":8,\"grammar\":9,\"coherence_cohesion\":10}',36,_binary '\0',NULL),(87,'\"Environment pollution is one of the most serious global challenges facing humanity today. It occurs when harmful substances—such as chemicals, waste, or noise—are introduced into the natural environment, causing damage to ecosystems and human health. Pollution affects the air we breathe, the water we drink, and the land we depend on for food and shelter.\\n\\nAir pollution is perhaps the most visible and dangerous type. It is mainly caused by emissions from vehicles, factories, and the burning of fossil fuels. In many large cities, thick layers of smog cover the skyline, making it difficult for people to breathe and increasing the risk of respiratory diseases such as asthma and lung cancer. Long-term exposure to polluted air can significantly reduce life expectancy.\\n\\nWater pollution is another critical issue. Rivers, lakes, and oceans are often contaminated by industrial waste, agricultural chemicals, and plastic debris. Marine life suffers greatly as fish and other organisms ingest toxic substances or become trapped in plastic waste. Additionally, polluted water sources can lead to serious health problems for humans, including infections and poisoning.\\n\\nLand pollution, caused by improper waste disposal and excessive use of chemicals, also has severe consequences. Landfills are growing rapidly, and non-biodegradable materials such as plastic can take hundreds of years to decompose. Deforestation, often driven by human activities like agriculture and urban development, further worsens the situation by destroying natural habitats and contributing to climate change.\\n\\nThe effects of environmental pollution are far-reaching. It not only harms wildlife and natural ecosystems but also threatens human survival. Climate change, which is closely linked to pollution, leads to rising sea levels, extreme weather events, and disruptions in food production.\\n\\nTo address this issue, individuals and governments must work together. Reducing the use of plastic, recycling waste, conserving energy, and promoting renewable energy sources are essential steps. Governments should also enforce stricter environmental regulations and invest in sustainable development.\\n\\nIn conclusion, environmental pollution is a pressing issue that requires immediate attention. Protecting the environment is not just a responsibility but a necessity to ensure a healthy and sustainable future for generations to come.\"',_binary '',31,137,'Bài viết của bạn đã đề cập đến các vấn đề chính về ô nhiễm môi trường, nhưng có thể cải thiện về vốn từ vựng và cấu trúc câu. Hãy tiếp tục phát triển kỹ năng viết của mình!','{\"task_achievement\":8,\"lexical_resource\":6,\"grammar\":7,\"coherence_cohesion\":7}',28,_binary '\0',NULL),(88,'\"https://res.cloudinary.com/decqv3ed0/video/upload/v1775498012/vfsqaxgohzjpznptuqoe.webm\"',_binary '\0',32,136,'Học sinh không trả lời câu hỏi về gia đình, thay vào đó là một câu mời đăng ký kênh. Cần tập trung vào chủ đề và trả lời câu hỏi một cách rõ ràng và liên quan.','{\"fluency_cohesion\":{\"score\":0.0,\"max\":9.0,\"bandLabel\":\"0\",\"bandDescription\":\"Cannot communicate\",\"aiReasoning\":\"Học sinh không thể diễn đạt ý tưởng của mình một cách rõ ràng và liên tục.\"},\"lexical_resource\":{\"score\":0.0,\"max\":9.0,\"bandLabel\":\"0\",\"bandDescription\":\"No appropriate lexical resource\",\"aiReasoning\":\"Học sinh không sử dụng từ vựng phù hợp với chủ đề.\"},\"grammatical_range\":{\"score\":0.0,\"max\":9.0,\"bandLabel\":\"0\",\"bandDescription\":\"No grammatical structures\",\"aiReasoning\":\"Học sinh không sử dụng cấu trúc ngữ pháp nào.\"},\"pronunciation\":{\"score\":0.0,\"max\":9.0,\"bandLabel\":\"0\",\"bandDescription\":\"No intelligible pronunciation\",\"aiReasoning\":\"Học sinh không thể phát âm một cách rõ ràng và dễ hiểu.\"}}',0,_binary '\0',NULL),(89,'\"Environmental pollution is one of the most serious challenges facing the modern world. It refers to the contamination of natural resources such as air, water, and soil by harmful substances, often as a result of human activities. As industrialization and urbanization continue to grow, pollution has become a global issue that affects ecosystems, human health, and the overall balance of the planet.\\n\\nAir pollution is caused mainly by emissions from factories, vehicles, and the burning of fossil fuels. Harmful gases such as carbon dioxide, sulfur dioxide, and nitrogen oxides contribute to problems like climate change, acid rain, and respiratory diseases. In many large cities, poor air quality has become a daily concern, reducing the quality of life and increasing health risks.\\n\\nWater pollution occurs when waste materials, chemicals, and plastics are discharged into rivers, lakes, and oceans. This not only harms aquatic life but also affects people who rely on these water sources for drinking, agriculture, and daily use. Oil spills, industrial waste, and untreated sewage are some of the main causes of water contamination.\\n\\nSoil pollution is another major issue, often resulting from the excessive use of pesticides, fertilizers, and improper disposal of industrial and household waste. Contaminated soil can lead to reduced agricultural productivity and the spread of toxic substances into the food chain, ultimately affecting human health.\\n\\nThe consequences of environmental pollution are far-reaching. It leads to the loss of biodiversity, climate change, and serious health problems such as asthma, cancer, and cardiovascular diseases. Moreover, pollution threatens the sustainability of future generations by depleting natural resources and damaging ecosystems.\\n\\nTo address environmental pollution, both governments and individuals must take action. Governments should enforce stricter environmental regulations, promote renewable energy, and invest in sustainable technologies. Individuals can contribute by reducing waste, recycling, conserving energy, and using environmentally friendly products.\\n\\nIn conclusion, environmental pollution is a critical issue that requires immediate and collective efforts. Protecting the environment is not only essential for our well-being but also for the survival of all living organisms on Earth.\"',_binary '',33,137,'Bài viết đã trình bày rõ ràng và đầy đủ về vấn đề ô nhiễm môi trường, đưa ra các ví dụ và giải pháp cụ thể. Tuy nhiên, để cải thiện, cần tăng cường sử dụng từ vựng đa dạng và phức tạp hơn, cũng như phát triển các ý tưởng một cách sâu sắc hơn.','{\"task_achievement\":{\"score\":8.0,\"max\":9.0,\"bandLabel\":\"Band 8.0\",\"bandDescription\":\"Satisfies all requirements; very good development and cohesion\",\"aiReasoning\":\"Bài viết đã đáp ứng đầy đủ yêu cầu của đề bài, trình bày rõ ràng và logic về vấn đề ô nhiễm môi trường, đưa ra các ví dụ và giải pháp cụ thể.\"},\"lexical_resource\":{\"score\":8.0,\"max\":9.0,\"bandLabel\":\"Band 8.0\",\"bandDescription\":\"Wide range; very few lexical errors; communicates flexibly\",\"aiReasoning\":\"Bài viết đã sử dụng từ vựng đa dạng và phù hợp, tuy nhiên vẫn có thể cải thiện bằng cách sử dụng từ vựng phức tạp hơn và tránh lặp lại từ ngữ.\"},\"grammatical_range\":{\"score\":8.0,\"max\":9.0,\"bandLabel\":\"Band 8.0\",\"bandDescription\":\"Wide range; very good accuracy; rare errors\",\"aiReasoning\":\"Bài viết đã thể hiện sự đa dạng về cấu trúc ngữ pháp, sử dụng cả câu đơn và câu phức, tuy nhiên vẫn có thể cải thiện bằng cách sử dụng cấu trúc ngữ pháp phức tạp hơn.\"},\"coherence_cohesion\":{\"score\":8.5,\"max\":9.0,\"bandLabel\":\"Band 8.5\",\"bandDescription\":\"Very well organized; seamless cohesion\",\"aiReasoning\":\"Bài viết đã được tổ chức rõ ràng và logic, sử dụng các từ nối và cụm từ chuyển tiếp để kết nối các ý tưởng một cách mượt mà.\"}}',21,_binary '\0',NULL);
/*!40000 ALTER TABLE `placement_test_answer` ENABLE KEYS */;
UNLOCK TABLES;

--
-- Table structure for table `placement_test_result`
--

DROP TABLE IF EXISTS `placement_test_result`;
/*!40101 SET @saved_cs_client     = @@character_set_client */;
/*!50503 SET character_set_client = utf8mb4 */;
CREATE TABLE `placement_test_result` (
  `id` int NOT NULL AUTO_INCREMENT,
  `correct_rate` decimal(5,2) DEFAULT NULL,
  `guest_email` varchar(100) DEFAULT NULL,
  `guest_name` varchar(100) DEFAULT NULL,
  `guest_session_id` varchar(100) DEFAULT NULL,
  `passed` bit(1) DEFAULT NULL,
  `score` int DEFAULT NULL,
  `submitted_at` datetime(6) DEFAULT NULL,
  `suggested_level` varchar(10) DEFAULT NULL,
  `quiz_id` int NOT NULL,
  `hybrid_session_id` int DEFAULT NULL,
  `correct_rate_including_ai` decimal(5,2) DEFAULT NULL,
  `total_score_including_ai` int DEFAULT NULL,
  PRIMARY KEY (`id`),
  KEY `FKb8ininxrg1kii1o1qgxix93dy` (`quiz_id`),
  CONSTRAINT `FKb8ininxrg1kii1o1qgxix93dy` FOREIGN KEY (`quiz_id`) REFERENCES `quiz` (`quiz_id`)
) ENGINE=InnoDB AUTO_INCREMENT=34 DEFAULT CHARSET=utf8mb4 COLLATE=utf8mb4_0900_ai_ci;
/*!40101 SET character_set_client = @saved_cs_client */;

--
-- Dumping data for table `placement_test_result`
--

LOCK TABLES `placement_test_result` WRITE;
/*!40000 ALTER TABLE `placement_test_result` DISABLE KEYS */;
INSERT INTO `placement_test_result` VALUES (1,50.00,'thinhtran9797yb@gmail.com','ThinhTran','BFC9A0FB8680363D39FEF01CFCBBAC44',_binary '',50,'2026-03-24 15:31:54.670200','B1',209,NULL,NULL,NULL),(2,31.82,'thinhtran9797yb@gmail.com','ThinhTran','8C01D16CABE20DE7AF4942DFC2F62EB3',_binary '\0',7,'2026-03-24 18:06:52.154157','A2',210,NULL,NULL,NULL),(3,40.00,'','','E57CADEBCFCF80A3E281A84B38F75B8F',_binary '',4,'2026-03-29 16:32:17.976074','A2',214,1,NULL,NULL),(4,22.22,'','','E57CADEBCFCF80A3E281A84B38F75B8F',_binary '\0',4,'2026-03-29 16:33:15.829590','A2',215,1,NULL,NULL),(5,0.00,'','','A731E2C091D521BB0B681D2F5E3C49B5',_binary '\0',0,'2026-03-29 18:29:58.590907','A1',216,2,NULL,NULL),(6,0.00,'','','A731E2C091D521BB0B681D2F5E3C49B5',_binary '\0',0,'2026-03-29 18:30:38.830778','A1',217,2,NULL,NULL),(7,0.00,'','','BDF6CB867101074ADEE0792485B251A9',_binary '\0',0,'2026-03-29 18:37:50.345796','A1',217,3,NULL,NULL),(8,0.00,'','','BDF6CB867101074ADEE0792485B251A9',_binary '\0',0,'2026-03-29 18:38:45.532210','A1',216,3,NULL,NULL),(9,0.00,'','','B5EBD5B778E32B6301A4F11D4BC2AB12',_binary '\0',0,'2026-03-29 18:43:26.657302','A1',216,4,NULL,NULL),(10,0.00,'','','B5EBD5B778E32B6301A4F11D4BC2AB12',_binary '\0',0,'2026-03-29 18:43:45.998433','A1',217,4,NULL,NULL),(11,0.00,'','','A7074665E87C1D64C037231DF706613E',_binary '\0',0,'2026-03-29 18:50:24.568513','A1',216,5,NULL,NULL),(12,0.00,'','','A7074665E87C1D64C037231DF706613E',_binary '\0',0,'2026-03-29 18:50:40.470707','A1',217,5,NULL,NULL),(13,0.00,'','','309CDE5B2424B76F547A60F3418ABA52',_binary '\0',0,'2026-03-29 19:03:52.762623','A1',216,6,0.00,0),(14,0.00,'','','309CDE5B2424B76F547A60F3418ABA52',_binary '\0',0,'2026-03-29 19:04:05.739490','C2',217,6,100.00,1),(15,0.00,'','','10EBA22C4822122F50139BA616454509',_binary '\0',0,'2026-03-30 15:33:05.461603','A1',217,7,NULL,NULL),(16,0.00,'','','10EBA22C4822122F50139BA616454509',_binary '\0',0,'2026-03-30 15:33:43.557615','A1',216,7,NULL,NULL),(17,0.00,'','','DF9AD6ABDE05212638479D99724694A1',_binary '\0',0,'2026-03-30 15:48:00.532084','A1',217,8,NULL,NULL),(18,0.00,'','','DF9AD6ABDE05212638479D99724694A1',_binary '\0',0,'2026-03-30 15:48:16.099640','A1',216,8,NULL,NULL),(19,0.00,'','','33FA1387568D5A39DA3B14C12BC5EB39',_binary '\0',0,'2026-03-30 16:05:09.487950','C2',217,9,400.00,4),(20,0.00,'','','C250FDBAD859ACDBA4EEDA88E772FC19',_binary '\0',0,'2026-03-31 14:54:38.633745','A1',217,10,NULL,NULL),(21,0.00,'','','3CEE7327711A87B8F8400323075AD440',_binary '\0',0,'2026-03-31 15:18:10.500707','A1',217,11,NULL,NULL),(22,0.00,'','','DE3D4B6275CD3AC971046A5EF6236B4B',_binary '\0',0,'2026-03-31 15:21:19.871868','A1',217,12,NULL,NULL),(23,0.00,'','','25FBF7E937304C292D27B4B92535C146',_binary '\0',0,'2026-03-31 15:26:54.976663','C2',217,13,36.00,36),(24,0.00,'','','E21AB33C4C1B0AC8A7EC7168D07AB4F0',_binary '\0',0,'2026-03-31 15:42:54.388467','A1',217,14,NULL,NULL),(25,0.00,'','','D39A05DD575EF7C50433272CDDB3583B',_binary '\0',0,'2026-03-31 15:49:19.308779','C2',217,15,35.00,35),(26,0.00,'','','D39A05DD575EF7C50433272CDDB3583B',_binary '\0',0,'2026-03-31 15:51:44.802835','A1',216,16,NULL,NULL),(27,0.00,'','','DCA91D66FE00331316CF8CE4A7DA5C0A',_binary '\0',0,'2026-03-31 16:04:42.430675','A1',216,17,NULL,NULL),(28,0.00,'','','658CA24F0486500D25ECE239F1A2AA46',_binary '\0',0,'2026-03-31 16:07:38.455265','A1',216,18,0.00,0),(29,0.00,'','','2043C92BF92AE558DF16EC6013CA6ED9',_binary '\0',0,'2026-03-31 16:10:17.680835','C2',217,19,36.00,36),(30,0.00,'','','9D486927F492B453BCE1D5DF8F37E7F1',_binary '\0',0,'2026-03-31 16:19:00.386991','C2',217,20,36.00,36),(31,0.00,'','','4D33A71D1799C587BD92892587565761',_binary '\0',0,'2026-04-01 15:29:20.973847','C2',217,21,28.00,28),(32,0.00,'','','AF9689520B4721674AEAEF0C3E612C6F',_binary '\0',0,'2026-04-06 17:53:35.684036','A1',216,22,0.00,0),(33,0.00,'','','AF9689520B4721674AEAEF0C3E612C6F',_binary '\0',0,'2026-04-06 17:53:52.210813','C2',217,22,21.00,21);
/*!40000 ALTER TABLE `placement_test_result` ENABLE KEYS */;
UNLOCK TABLES;

--
-- Table structure for table `question`
--

DROP TABLE IF EXISTS `question`;
/*!40101 SET @saved_cs_client     = @@character_set_client */;
/*!50503 SET character_set_client = utf8mb4 */;
CREATE TABLE `question` (
  `question_id` int NOT NULL AUTO_INCREMENT,
  `module_id` int DEFAULT NULL,
  `user_id` int DEFAULT NULL,
  `status` varchar(20) DEFAULT NULL,
  `audio_url` varchar(500) DEFAULT NULL,
  `cefr_level` varchar(5) NOT NULL,
  `content` text,
  `created_at` datetime(6) DEFAULT NULL,
  `explanation` text,
  `image_url` varchar(500) DEFAULT NULL,
  `question_type` varchar(30) NOT NULL,
  `skill` varchar(20) NOT NULL,
  `tags` varchar(500) DEFAULT NULL,
  `topic` varchar(255) DEFAULT NULL,
  `updated_at` datetime(6) DEFAULT NULL,
  `source` varchar(20) DEFAULT NULL,
  `created_method` varchar(20) DEFAULT NULL,
  `review_note` varchar(500) DEFAULT NULL,
  `reviewed_at` datetime(6) DEFAULT NULL,
  `reviewer_id` bigint DEFAULT NULL,
  `group_id` int DEFAULT NULL,
  `transcript` text,
  PRIMARY KEY (`question_id`),
  KEY `module_id` (`module_id`),
  KEY `user_id` (`user_id`),
  KEY `FKfndbgxmwikioj1tj7mxb6mmn5` (`group_id`),
  CONSTRAINT `FKfndbgxmwikioj1tj7mxb6mmn5` FOREIGN KEY (`group_id`) REFERENCES `question_group` (`group_id`),
  CONSTRAINT `question_ibfk_1` FOREIGN KEY (`module_id`) REFERENCES `module` (`module_id`),
  CONSTRAINT `question_ibfk_2` FOREIGN KEY (`user_id`) REFERENCES `user` (`user_id`)
) ENGINE=InnoDB AUTO_INCREMENT=123 DEFAULT CHARSET=utf8mb4 COLLATE=utf8mb4_0900_ai_ci;
/*!40101 SET character_set_client = @saved_cs_client */;

--
-- Dumping data for table `question`
--

LOCK TABLES `question` WRITE;
/*!40000 ALTER TABLE `question` DISABLE KEYS */;
INSERT INTO `question` VALUES (1,NULL,4,'PUBLISHED',NULL,'6.0','What is the student looking for?',NULL,NULL,NULL,'MULTIPLE_CHOICE_SINGLE','LISTENING',NULL,NULL,NULL,'EXPERT_BANK',NULL,NULL,NULL,NULL,1,NULL),(2,NULL,3,'PUBLISHED',NULL,'7.0','How will AI change the future of work according to the author?',NULL,NULL,NULL,'WRITING','READING',NULL,NULL,NULL,'EXPERT_BANK',NULL,NULL,NULL,NULL,2,NULL),(3,NULL,7,'PUBLISHED',NULL,'5.0','Which word is the closest in meaning to \"substantial\"?',NULL,NULL,NULL,'MULTIPLE_CHOICE_SINGLE','READING',NULL,NULL,NULL,'EXPERT_BANK',NULL,NULL,NULL,NULL,NULL,NULL),(4,NULL,4,'PUBLISHED',NULL,'6.0','Describe your favorite childhood toy and explain why you liked it.',NULL,NULL,NULL,'SPEAKING','SPEAKING',NULL,NULL,NULL,'EXPERT_BANK',NULL,NULL,NULL,NULL,NULL,NULL),(5,NULL,5,'PUBLISHED',NULL,'6.0','If 3x + 5 = 20, what is the value of x?',NULL,NULL,NULL,'MULTIPLE_CHOICE_SINGLE','DEFAULT',NULL,NULL,NULL,'EXPERT_BANK',NULL,NULL,NULL,NULL,NULL,NULL),(6,NULL,8,'PUBLISHED',NULL,'4.0','Complete the sentence: He decided to ________ his old habit of smoking.',NULL,NULL,NULL,'FILL_IN_BLANK','VOCAB',NULL,NULL,NULL,'EXPERT_BANK',NULL,NULL,NULL,NULL,NULL,NULL),(7,NULL,3,'PUBLISHED',NULL,'3.0','What type of gaming platform is a console?','2026-04-17 15:46:50.599441','A console is a type of gaming platform that is typically connected to a TV.',NULL,'MULTIPLE_CHOICE_SINGLE','READING',NULL,'gaming','2026-04-17 15:46:50.599441','EXPERT_BANK','AI_GENERATED',NULL,NULL,NULL,NULL,NULL),(8,NULL,3,'PUBLISHED',NULL,'4.0','The new game has great ___ and engaging gameplay.','2026-04-17 15:46:50.616355','The correct answer is \'graphics\'.',NULL,'FILL_IN_BLANK','WRITING',NULL,'gaming','2026-04-17 15:46:50.616355','EXPERT_BANK','AI_GENERATED',NULL,NULL,NULL,NULL,NULL),(9,NULL,3,'PUBLISHED',NULL,'5.0','Which of the following are benefits of playing video games?','2026-04-17 15:46:50.618361','Video games can improve cognitive skills and provide entertainment.',NULL,'MULTIPLE_CHOICE_MULTI','READING',NULL,'gaming','2026-04-17 15:46:50.618361','EXPERT_BANK','AI_GENERATED',NULL,NULL,NULL,NULL,NULL),(10,NULL,3,'PUBLISHED',NULL,'6.0','Match the gaming terms with their meanings.','2026-04-17 15:46:50.622884','Match the terms with their correct meanings.',NULL,'MATCHING','LISTENING',NULL,'gaming','2026-04-17 15:46:50.622884','EXPERT_BANK','AI_GENERATED',NULL,NULL,NULL,NULL,NULL),(11,NULL,3,'PUBLISHED',NULL,'7.0','Write a short essay about your favorite video game.','2026-04-17 15:46:50.627378',NULL,NULL,'WRITING','WRITING',NULL,'gaming','2026-04-17 15:46:50.627378','EXPERT_BANK','AI_GENERATED',NULL,NULL,NULL,NULL,NULL),(12,NULL,3,'PUBLISHED',NULL,'4.0','What is the main difference between a gaming PC and a console?','2026-04-17 15:46:50.629379','The main difference is that a gaming PC can be upgraded and customized.',NULL,'MULTIPLE_CHOICE_SINGLE','READING',NULL,'gaming','2026-04-17 15:46:50.629379','EXPERT_BANK','AI_GENERATED',NULL,NULL,NULL,NULL,NULL),(13,NULL,3,'PUBLISHED',NULL,'5.0','Describe your favorite gaming experience.','2026-04-17 15:46:50.632899',NULL,NULL,'SPEAKING','SPEAKING',NULL,'gaming','2026-04-17 15:46:50.632899','EXPERT_BANK','AI_GENERATED',NULL,NULL,NULL,NULL,NULL),(14,NULL,3,'PUBLISHED',NULL,'3.0','The new gaming headset has great sound ___ and a comfortable design.','2026-04-17 15:46:50.633899','The correct answer is \'quality\'.',NULL,'FILL_IN_BLANK','WRITING',NULL,'gaming','2026-04-17 15:46:50.633899','EXPERT_BANK','AI_GENERATED',NULL,NULL,NULL,NULL,NULL),(15,NULL,3,'PUBLISHED',NULL,'6.0','Which of the following games are examples of sandbox games?','2026-04-17 15:46:50.636910','Sandbox games allow players to explore and interact with the game world.',NULL,'MULTIPLE_CHOICE_MULTI','READING',NULL,'gaming','2026-04-17 15:46:50.636910','EXPERT_BANK','AI_GENERATED',NULL,NULL,NULL,NULL,NULL),(16,NULL,3,'PUBLISHED',NULL,'4.0','What is the term for a player who is very skilled at a particular game?','2026-04-17 15:46:50.640477','The term is \'pro player\'.',NULL,'MULTIPLE_CHOICE_SINGLE','READING',NULL,'gaming','2026-04-17 15:46:50.640477','EXPERT_BANK','AI_GENERATED',NULL,NULL,NULL,NULL,NULL),(17,NULL,3,'PUBLISHED',NULL,'8.0','Write a review of a recent game you played.','2026-04-17 15:46:50.644002',NULL,NULL,'WRITING','WRITING',NULL,'gaming','2026-04-17 15:46:50.644002','EXPERT_BANK','AI_GENERATED',NULL,NULL,NULL,NULL,NULL),(18,NULL,3,'PUBLISHED',NULL,'5.0','The gaming industry has seen a significant increase in ___ games in recent years.','2026-04-17 15:46:50.646010','The correct answer is \'indie\'.',NULL,'FILL_IN_BLANK','WRITING',NULL,'gaming','2026-04-17 15:46:50.646010','EXPERT_BANK','AI_GENERATED',NULL,NULL,NULL,NULL,NULL),(19,NULL,3,'PUBLISHED',NULL,'3.0','Which of the following are types of gaming controllers?','2026-04-17 15:46:50.647517','Gaming controllers can be gamepads, joysticks, or steering wheels.',NULL,'MULTIPLE_CHOICE_MULTI','READING',NULL,'gaming','2026-04-17 15:46:50.647517','EXPERT_BANK','AI_GENERATED',NULL,NULL,NULL,NULL,NULL),(20,NULL,3,'PUBLISHED',NULL,'6.0','Describe the difference between a gaming mouse and a regular mouse.','2026-04-17 15:46:50.651612',NULL,NULL,'SPEAKING','SPEAKING',NULL,'gaming','2026-04-17 15:46:50.651612','EXPERT_BANK','AI_GENERATED',NULL,NULL,NULL,NULL,NULL),(21,NULL,3,'PUBLISHED',NULL,'4.0','The new game has a unique ___ system that allows players to craft items.','2026-04-17 15:46:50.653191','The correct answer is \'crafting\'.',NULL,'FILL_IN_BLANK','WRITING',NULL,'gaming','2026-04-17 15:46:50.653191','EXPERT_BANK','AI_GENERATED',NULL,NULL,NULL,NULL,NULL),(22,NULL,3,'PUBLISHED','','4.0','123','2026-04-17 15:47:14.195504','','','MULTIPLE_CHOICE_SINGLE','READING',NULL,'Gaming','2026-04-17 15:47:14.195504',NULL,'MANUAL',NULL,NULL,NULL,NULL,NULL),(23,NULL,11,'DRAFT',NULL,'4.0','Where is John from?','2026-04-18 03:29:01.963282','This question requires the reader to understand the present simple tense and basic sentence structure.',NULL,'MULTIPLE_CHOICE_SINGLE','READING',NULL,'Quiz — Buổi 1','2026-04-18 03:29:02.028615','TEACHER_PRIVATE','MANUAL',NULL,NULL,NULL,5,NULL),(24,NULL,11,'DRAFT',NULL,'4.0','What does John like to do every day?','2026-04-18 03:29:01.978839','This question requires the reader to understand the present simple tense and basic sentence structure.',NULL,'MULTIPLE_CHOICE_SINGLE','READING',NULL,'Quiz — Buổi 1','2026-04-18 03:29:02.028615','TEACHER_PRIVATE','MANUAL',NULL,NULL,NULL,6,NULL),(25,NULL,11,'DRAFT',NULL,'4.0','What did John read yesterday?','2026-04-18 03:29:01.984864','This question requires the reader to understand the past simple tense and basic sentence structure.',NULL,'MULTIPLE_CHOICE_SINGLE','READING',NULL,'Quiz — Buổi 1','2026-04-18 03:29:02.028615','TEACHER_PRIVATE','MANUAL',NULL,NULL,NULL,7,NULL),(26,NULL,11,'DRAFT',NULL,'4.0','What does Emily like to do every evening?','2026-04-18 03:29:01.989910','This question requires the reader to understand the present simple tense and basic sentence structure.',NULL,'MULTIPLE_CHOICE_SINGLE','READING',NULL,'Quiz — Buổi 1','2026-04-18 03:29:02.028615','TEACHER_PRIVATE','MANUAL',NULL,NULL,NULL,8,NULL),(27,NULL,11,'DRAFT',NULL,'4.0','What is Emily\'s occupation?','2026-04-18 03:29:01.996432','This question requires the reader to understand the present simple tense and basic sentence structure.',NULL,'MULTIPLE_CHOICE_SINGLE','READING',NULL,'Quiz — Buổi 1','2026-04-18 03:29:02.028615','TEACHER_PRIVATE','MANUAL',NULL,NULL,NULL,9,NULL),(28,NULL,11,'DRAFT',NULL,'4.0','What does John\'s mother like to do?','2026-04-18 03:29:02.001514','This question requires the reader to understand the present simple tense and basic sentence structure.',NULL,'MULTIPLE_CHOICE_SINGLE','READING',NULL,'Quiz — Buổi 1','2026-04-18 03:29:02.028615','TEACHER_PRIVATE','MANUAL',NULL,NULL,NULL,10,NULL),(29,NULL,11,'DRAFT',NULL,'4.0','What does John\'s father like to do on Sundays?','2026-04-18 03:29:02.007543','This question requires the reader to understand the present simple tense and basic sentence structure.',NULL,'MULTIPLE_CHOICE_SINGLE','READING',NULL,'Quiz — Buổi 1','2026-04-18 03:29:02.028615','TEACHER_PRIVATE','MANUAL',NULL,NULL,NULL,11,NULL),(30,NULL,11,'DRAFT',NULL,'4.0','What is the name of John\'s pet dog?','2026-04-18 03:29:02.013066','This question requires the reader to understand the present simple tense and basic sentence structure.',NULL,'MULTIPLE_CHOICE_SINGLE','READING',NULL,'Quiz — Buổi 1','2026-04-18 03:29:02.028615','TEACHER_PRIVATE','MANUAL',NULL,NULL,NULL,12,NULL),(31,NULL,11,'DRAFT',NULL,'4.0','What does John do with his dog every morning?','2026-04-18 03:29:02.018092','This question requires the reader to understand the present simple tense and basic sentence structure.',NULL,'MULTIPLE_CHOICE_SINGLE','READING',NULL,'Quiz — Buổi 1','2026-04-18 03:29:02.028615','TEACHER_PRIVATE','MANUAL',NULL,NULL,NULL,13,NULL),(32,NULL,11,'DRAFT',NULL,'4.0','What is the character of John\'s dog?','2026-04-18 03:29:02.023114','This question requires the reader to understand the present simple tense and basic sentence structure.',NULL,'MULTIPLE_CHOICE_SINGLE','READING',NULL,'Quiz — Buổi 1','2026-04-18 03:29:02.028615','TEACHER_PRIVATE','MANUAL',NULL,NULL,NULL,14,NULL),(33,NULL,11,'DRAFT',NULL,'4.0','What does John\'s brother play?','2026-04-18 03:29:24.361191','The question requires the reader to understand the present simple tense and pronouns.',NULL,'MULTIPLE_CHOICE_SINGLE','READING',NULL,'Quiz — Buổi 1','2026-04-18 03:29:24.380240','TEACHER_PRIVATE','MANUAL',NULL,NULL,NULL,16,NULL),(34,NULL,11,'DRAFT',NULL,'4.0','What did John\'s brother score last Sunday?','2026-04-18 03:29:24.366199','The question requires the reader to understand the past simple tense and pronouns.',NULL,'MULTIPLE_CHOICE_SINGLE','READING',NULL,'Quiz — Buổi 1','2026-04-18 03:29:24.380240','TEACHER_PRIVATE','MANUAL',NULL,NULL,NULL,17,NULL),(35,NULL,11,'DRAFT',NULL,'4.0','What did John have for lunch last Sunday?','2026-04-18 03:29:24.370708','The question requires the reader to understand the past simple tense and pronouns.',NULL,'MULTIPLE_CHOICE_SINGLE','READING',NULL,'Quiz — Buổi 1','2026-04-18 03:29:24.380240','TEACHER_PRIVATE','MANUAL',NULL,NULL,NULL,18,NULL),(36,NULL,11,'DRAFT',NULL,'4.0','What are John\'s brother and sister to him?','2026-04-18 03:29:24.376229','The question requires the reader to understand the present simple tense and pronouns.',NULL,'MULTIPLE_CHOICE_SINGLE','READING',NULL,'Quiz — Buổi 1','2026-04-18 03:29:24.380240','TEACHER_PRIVATE','MANUAL',NULL,NULL,NULL,19,NULL),(37,NULL,11,'DRAFT',NULL,'6.0','What has been the main attraction for tourists visiting London?','2026-04-18 04:05:52.527088','The passage states that the city\'s historic landmarks, such as Buckingham Palace, have been fascinating for tourists.',NULL,'MULTIPLE_CHOICE_SINGLE','READING',NULL,'Quiz — Buổi 14','2026-04-18 04:05:52.552493','TEACHER_PRIVATE','MANUAL',NULL,NULL,NULL,21,NULL),(38,NULL,11,'DRAFT',NULL,'6.0','Which of the following museums has been renovated and expanded in recent years?','2026-04-18 04:05:52.533109','The passage states that the British Museum has been renovated and expanded in recent years.',NULL,'MULTIPLE_CHOICE_SINGLE','READING',NULL,'Quiz — Buổi 14','2026-04-18 04:05:52.552493','TEACHER_PRIVATE','MANUAL',NULL,NULL,NULL,22,NULL),(39,NULL,11,'DRAFT',NULL,'6.0','What has been happening to some of the city\'s old buildings?','2026-04-18 04:05:52.537626','The passage states that many of the city\'s old buildings have been restored and converted into modern offices and apartments.',NULL,'MULTIPLE_CHOICE_SINGLE','READING',NULL,'Quiz — Buổi 14','2026-04-18 04:05:52.552493','TEACHER_PRIVATE','MANUAL',NULL,NULL,NULL,23,NULL),(40,NULL,11,'DRAFT',NULL,'6.0','What has been the impact of the construction on some of the city\'s historic neighborhoods?','2026-04-18 04:05:52.542419','The passage states that some of the city\'s historic neighborhoods have been affected by the construction, and many of the local residents have been concerned about the impact of the changes on their community.',NULL,'MULTIPLE_CHOICE_SINGLE','READING',NULL,'Quiz — Buổi 14','2026-04-18 04:05:52.552493','TEACHER_PRIVATE','MANUAL',NULL,NULL,NULL,24,NULL),(41,NULL,11,'DRAFT',NULL,'6.0','Which of the following sentences is grammatically correct, given the context of the passage?','2026-04-18 04:05:52.547931','The sentence uses the present perfect tense and the passive voice correctly, and it also uses a relative clause to provide more information about the tourists.',NULL,'MULTIPLE_CHOICE_SINGLE','READING',NULL,'Quiz — Buổi 14','2026-04-18 04:05:52.552997','TEACHER_PRIVATE','MANUAL',NULL,NULL,NULL,25,NULL),(42,NULL,11,'DRAFT',NULL,'3.0','What did the student learn yesterday?','2026-04-18 04:57:40.366143','The student learned a new word, \'computer\'.',NULL,'MULTIPLE_CHOICE_SINGLE','READING',NULL,'Từ vựng mới','2026-04-18 04:57:40.402390','TEACHER_PRIVATE','MANUAL',NULL,NULL,NULL,27,NULL),(43,NULL,11,'DRAFT',NULL,'3.0','What does the student\'s friend use her computer for?','2026-04-18 04:57:40.376683','The student\'s friend uses her computer to play games.',NULL,'MULTIPLE_CHOICE_SINGLE','READING',NULL,'Từ vựng mới','2026-04-18 04:57:40.402896','TEACHER_PRIVATE','MANUAL',NULL,NULL,NULL,28,NULL),(44,NULL,11,'DRAFT',NULL,'3.0','How often does the student play games?','2026-04-18 04:57:40.382720','The student plays games sometimes.',NULL,'MULTIPLE_CHOICE_SINGLE','READING',NULL,'Từ vựng mới','2026-04-18 04:57:40.402896','TEACHER_PRIVATE','MANUAL',NULL,NULL,NULL,29,NULL),(45,NULL,11,'DRAFT',NULL,'3.0','When did the student\'s friend buy her computer?','2026-04-18 04:57:40.388820','The student\'s friend bought her computer last week.',NULL,'MULTIPLE_CHOICE_SINGLE','READING',NULL,'Từ vựng mới','2026-04-18 04:57:40.402896','TEACHER_PRIVATE','MANUAL',NULL,NULL,NULL,30,NULL),(46,NULL,11,'DRAFT',NULL,'3.0','What is the student\'s friend very good at?','2026-04-18 04:57:40.394845','The student\'s friend is very good at playing games.',NULL,'MULTIPLE_CHOICE_SINGLE','READING',NULL,'Từ vựng mới','2026-04-18 04:57:40.402896','TEACHER_PRIVATE','MANUAL',NULL,NULL,NULL,31,NULL),(47,NULL,11,'DRAFT',NULL,'6.0','What has been observed about the process of learning new words?','2026-04-18 04:58:17.871827','The question requires the test-taker to understand the main idea of the passage and to identify the correct observation about learning new words.',NULL,'MULTIPLE_CHOICE_SINGLE','READING',NULL,'Vocabulary Development','2026-04-18 04:58:17.894530','TEACHER_PRIVATE','MANUAL',NULL,NULL,NULL,33,NULL),(48,NULL,11,'DRAFT',NULL,'6.0','According to the passage, what is one way to facilitate the learning of new vocabulary?','2026-04-18 04:58:17.875834','The question requires the test-taker to understand the passage and to identify one way to facilitate the learning of new vocabulary.',NULL,'MULTIPLE_CHOICE_SINGLE','READING',NULL,'Vocabulary Development','2026-04-18 04:58:17.894530','TEACHER_PRIVATE','MANUAL',NULL,NULL,NULL,34,NULL),(49,NULL,11,'DRAFT',NULL,'6.0','What is one benefit of using the passive voice when presenting new vocabulary?','2026-04-18 04:58:17.880845','The question requires the test-taker to understand the passage and to identify one benefit of using the passive voice.',NULL,'MULTIPLE_CHOICE_SINGLE','READING',NULL,'Vocabulary Development','2026-04-18 04:58:17.894530','TEACHER_PRIVATE','MANUAL',NULL,NULL,NULL,35,NULL),(50,NULL,11,'DRAFT',NULL,'6.0','What tense is particularly useful for describing actions that started in the past and continue up to the present?','2026-04-18 04:58:17.885413','The question requires the test-taker to understand the passage and to identify the correct tense.',NULL,'MULTIPLE_CHOICE_SINGLE','READING',NULL,'Vocabulary Development','2026-04-18 04:58:17.894530','TEACHER_PRIVATE','MANUAL',NULL,NULL,NULL,36,NULL),(51,NULL,11,'DRAFT',NULL,'6.0','What can be inferred about the development of vocabulary from the passage?','2026-04-18 04:58:17.888925','The question requires the test-taker to understand the passage and to make an inference about the development of vocabulary.',NULL,'MULTIPLE_CHOICE_SINGLE','READING',NULL,'Vocabulary Development','2026-04-18 04:58:17.894530','TEACHER_PRIVATE','MANUAL',NULL,NULL,NULL,37,NULL),(52,NULL,11,'DRAFT',NULL,'5.0','What has been designed by experts?','2026-04-18 06:03:15.881095','The question requires the test-taker to understand the main idea of the passage and identify the subject of the sentence.',NULL,'MULTIPLE_CHOICE_SINGLE','READING',NULL,'Quiz từ vựng mới','2026-04-18 06:03:15.905268','TEACHER_PRIVATE','MANUAL',NULL,NULL,NULL,39,NULL),(53,NULL,11,'DRAFT',NULL,'5.0','How long have the experts been working on the quiz?','2026-04-18 06:03:15.886164','The question requires the test-taker to understand the present perfect tense and identify the correct time period.',NULL,'MULTIPLE_CHOICE_SINGLE','READING',NULL,'Quiz từ vựng mới','2026-04-18 06:03:15.905268','TEACHER_PRIVATE','MANUAL',NULL,NULL,NULL,40,NULL),(54,NULL,11,'DRAFT',NULL,'5.0','What is being administered by a team of teachers?','2026-04-18 06:03:15.891179','The question requires the test-taker to understand the passive voice and identify the correct subject.',NULL,'MULTIPLE_CHOICE_SINGLE','READING',NULL,'Quiz từ vựng mới','2026-04-18 06:03:15.905268','TEACHER_PRIVATE','MANUAL',NULL,NULL,NULL,41,NULL),(55,NULL,11,'PUBLISHED',NULL,'5.0','Which company has developed the software?','2026-04-18 06:03:15.895224','The question requires the test-taker to understand relative clauses and identify the correct company.',NULL,'MULTIPLE_CHOICE_SINGLE','READING',NULL,'Quiz từ vựng mới','2026-04-19 04:12:50.985977','TEACHER_PRIVATE','MANUAL','','2026-04-19 04:12:50.980933',3,42,NULL),(56,NULL,11,'PUBLISHED',NULL,'5.0','Why is the software being used in many schools?','2026-04-18 06:03:15.899737','The question requires the test-taker to understand the passage and evaluate the reasons for using the software.',NULL,'MULTIPLE_CHOICE_SINGLE','READING',NULL,'Quiz từ vựng mới','2026-04-19 04:12:52.660051','TEACHER_PRIVATE','MANUAL','','2026-04-19 04:12:52.658541',3,43,NULL),(57,NULL,3,'PUBLISHED',NULL,'3.0','What is the most common device used to play video games on a big television screen at home?','2026-04-18 14:30:58.334580','A game console (like a PlayStation or Xbox) is specifically designed for playing video games on a TV.',NULL,'MULTIPLE_CHOICE_SINGLE','READING',NULL,'Gaming','2026-04-18 14:30:58.334580','EXPERT_BANK','AI_GENERATED',NULL,NULL,NULL,NULL,NULL),(58,NULL,3,'PUBLISHED',NULL,'4.0','Tell me about your favorite video game. What is its name, and what do you enjoy most about playing it?','2026-04-18 14:30:58.339133','This question encourages students to express personal preferences and describe simple reasons for their enjoyment.',NULL,'SPEAKING','SPEAKING',NULL,'Gaming','2026-04-18 14:30:58.339133','EXPERT_BANK','AI_GENERATED',NULL,NULL,NULL,NULL,NULL),(59,NULL,3,'PUBLISHED',NULL,'5.0','(Imagine you are listening to a conversation about online gaming) The speaker says: \"Good communication is key when playing team-based games. Most players use a ___ to talk to their teammates.\" What word is missing?','2026-04-18 14:30:58.340138','In online gaming, a \'headset\' (headphones with a microphone) is essential for players to communicate vocally with their teammates.',NULL,'FILL_IN_BLANK','LISTENING',NULL,'Gaming','2026-04-18 14:30:58.340138','EXPERT_BANK','AI_GENERATED',NULL,NULL,NULL,NULL,NULL),(60,NULL,3,'PUBLISHED',NULL,'5.0','Write a short paragraph (3-5 sentences) describing one positive effect and one negative effect that video games can have on people\'s lives.','2026-04-18 14:30:58.341152','This task assesses the student\'s ability to articulate arguments, provide examples, and use appropriate vocabulary related to the social impact of gaming.',NULL,'WRITING','WRITING',NULL,'Gaming','2026-04-18 14:30:58.341152','EXPERT_BANK','AI_GENERATED',NULL,NULL,NULL,NULL,NULL),(61,NULL,3,'PUBLISHED',NULL,'6.0','Which of the following statements about the modern gaming industry are generally considered true?','2026-04-18 14:30:58.343344','The global gaming market is a multi-billion dollar industry, and competitive video gaming (esports) has seen explosive growth. Mobile gaming is one of the largest and most popular segments, not the least, and gaming audiences span all age groups, not just children.',NULL,'MULTIPLE_CHOICE_MULTI','READING',NULL,'Gaming','2026-04-18 14:30:58.343344','EXPERT_BANK','AI_GENERATED',NULL,NULL,NULL,NULL,NULL),(62,NULL,3,'PUBLISHED',NULL,'7.0','Discuss the ethical implications of \'pay-to-win\' mechanics in video games. Do you think they are fair to all players, and what impact do they have on the overall gaming experience and community?','2026-04-18 14:30:58.345930','This question requires students to analyze complex ethical issues, articulate an opinion, and discuss the impact on player experience and community dynamics using advanced vocabulary.',NULL,'SPEAKING','SPEAKING',NULL,'Gaming','2026-04-18 14:30:58.345930','EXPERT_BANK','AI_GENERATED',NULL,NULL,NULL,NULL,NULL),(63,NULL,3,'PUBLISHED',NULL,'5.0','Read the game description: \'This game allows players to explore a vast, open world, gather resources, craft unique items, and build structures without a fixed story or specific goals. Players can choose to survive against environmental threats or simply create anything they can imagine.\' Which genre does this game most likely belong to?','2026-04-18 14:30:58.347942','The description of an \'open world,\' \'gathering resources,\' \'crafting,\' \'building structures,\' and \'no fixed story or specific goals\' perfectly matches the characteristics of a sandbox game, which emphasizes player freedom and creativity.',NULL,'MULTIPLE_CHOICE_SINGLE','READING',NULL,'Gaming','2026-04-18 14:30:58.347942','EXPERT_BANK','AI_GENERATED',NULL,NULL,NULL,NULL,NULL),(64,NULL,3,'PUBLISHED',NULL,'8.0','Write an essay (approximately 200-250 words) arguing for or against the inclusion of competitive video gaming (esports) in future major international sporting events, such as the Olympic Games. Provide clear reasons and support your arguments with examples.','2026-04-18 14:30:58.350446','This task requires advanced argumentative writing, critical analysis of the topic, and the ability to construct a coherent, well-supported essay using sophisticated vocabulary and grammatical structures.',NULL,'WRITING','WRITING',NULL,'Gaming','2026-04-18 14:30:58.350446','EXPERT_BANK','AI_GENERATED',NULL,NULL,NULL,NULL,NULL),(65,NULL,3,'PUBLISHED',NULL,'3.0','Before you can start a new game on a computer or console, you usually need to click or select the \'___\' button or option.','2026-04-18 14:30:58.351450','The most common and straightforward term to initiate playing a game is \'Play\'.',NULL,'FILL_IN_BLANK','READING',NULL,'Gaming','2026-04-18 14:30:58.351450','EXPERT_BANK','AI_GENERATED',NULL,NULL,NULL,NULL,NULL),(66,NULL,3,'PUBLISHED',NULL,'3.0','What is the primary device used to control characters or actions in most video games?','2026-04-19 05:19:47.206579','A controller is a handheld device that allows players to interact with a video game.',NULL,'MULTIPLE_CHOICE_SINGLE','READING',NULL,'Gaming','2026-04-19 05:19:47.206579','EXPERT_BANK','AI_GENERATED',NULL,NULL,NULL,NULL,NULL),(67,NULL,3,'PUBLISHED',NULL,'4.0','Many popular video games are played on a gaming ___ (e.g., PlayStation, Xbox, Nintendo Switch).','2026-04-19 05:19:47.210090','A gaming console is a specialized electronic device that is used to play video games.',NULL,'FILL_IN_BLANK','WRITING',NULL,'Gaming','2026-04-19 05:19:47.210090','EXPERT_BANK','AI_GENERATED',NULL,NULL,NULL,NULL,NULL),(68,NULL,3,'PUBLISHED',NULL,'5.0','Which of these are common genres of video games?','2026-04-19 05:19:47.211599','Action, Strategy, and Puzzle are well-known categories of video games, each with distinct gameplay mechanics.',NULL,'MULTIPLE_CHOICE_MULTI','READING',NULL,'Gaming','2026-04-19 05:19:47.211599','EXPERT_BANK','AI_GENERATED',NULL,NULL,NULL,NULL,NULL),(69,NULL,3,'PUBLISHED',NULL,'7.0','Discuss the potential positive and negative impacts of competitive gaming (eSports) on young people\'s physical and mental health. Provide specific examples to support your points.','2026-04-19 05:19:47.214611',NULL,NULL,'WRITING','WRITING',NULL,'Gaming','2026-04-19 05:19:47.214611','EXPERT_BANK','AI_GENERATED',NULL,NULL,NULL,NULL,NULL),(70,NULL,3,'PUBLISHED',NULL,'8.0','Imagine you are a video game designer pitching a new game concept. Describe the game\'s unique selling points, target audience, and how it addresses a current gap in the market. Be prepared to explain your design choices.','2026-04-19 05:19:47.216118',NULL,NULL,'SPEAKING','SPEAKING',NULL,'Gaming','2026-04-19 05:19:47.216118','EXPERT_BANK','AI_GENERATED',NULL,NULL,NULL,NULL,NULL),(71,NULL,3,'PUBLISHED',NULL,'4.0','Imagine you hear someone say: \'I love playing Battle Royale games with my friends. We team up online every evening!\' Based on this, what type of gaming is the speaker primarily engaged in?','2026-04-19 05:19:47.216620','Playing \'with friends online\' and \'teaming up\' clearly indicates multiplayer gaming, where multiple players interact in the same game.',NULL,'MULTIPLE_CHOICE_SINGLE','LISTENING',NULL,'Gaming','2026-04-19 05:19:47.216620','EXPERT_BANK','AI_GENERATED',NULL,NULL,NULL,NULL,NULL),(72,NULL,3,'PUBLISHED',NULL,'5.0','A professional gamer, who often competes in organized tournaments for prizes, is commonly referred to as an eSports ___.','2026-04-19 05:19:47.219630','The term \'athlete\' is used to highlight the skill, training, and competitive nature involved in professional gaming.',NULL,'FILL_IN_BLANK','READING',NULL,'Gaming','2026-04-19 05:19:47.219630','EXPERT_BANK','AI_GENERATED',NULL,NULL,NULL,NULL,NULL),(73,NULL,3,'PUBLISHED',NULL,'7.0','Which of these factors typically contribute to a game\'s high replayability?','2026-04-19 05:19:47.221137','Multiple endings and a strong multiplayer mode encourage players to return to a game. Deep customization allows players to personalize their experience, adding to its longevity.',NULL,'MULTIPLE_CHOICE_MULTI','READING',NULL,'Gaming','2026-04-19 05:19:47.221137','EXPERT_BANK','AI_GENERATED',NULL,NULL,NULL,NULL,NULL),(74,NULL,3,'PUBLISHED',NULL,'6.0','Describe your favorite video game. What makes it enjoyable for you? What is its main objective or a key challenge you face in the game?','2026-04-19 05:19:47.224653',NULL,NULL,'WRITING','WRITING',NULL,'Gaming','2026-04-19 05:19:47.224653','EXPERT_BANK','AI_GENERATED',NULL,NULL,NULL,NULL,NULL),(75,NULL,11,'PENDING_REVIEW',NULL,'4.0','How did Sarah feel about Quiz Buổi 2?','2026-04-19 11:39:24.880122','Sarah said, \'It was fun, but quite challenging.\' This shows she found it difficult but still enjoyed it.',NULL,'MULTIPLE_CHOICE_SINGLE','LISTENING',NULL,'Quiz — Buổi 2','2026-04-19 11:39:24.880122','TEACHER_PRIVATE','MANUAL',NULL,NULL,NULL,46,NULL),(76,NULL,11,'PENDING_REVIEW',NULL,'4.0','Which part of the quiz does Sarah like the most?','2026-04-19 11:39:24.890628','Sarah clearly stated, \'I prefer the literature part,\' indicating her favorite section.',NULL,'MULTIPLE_CHOICE_SINGLE','LISTENING',NULL,'Quiz — Buổi 2','2026-04-19 11:39:24.890628','TEACHER_PRIVATE','MANUAL',NULL,NULL,NULL,46,NULL),(77,NULL,11,'PENDING_REVIEW',NULL,'4.0','What was David\'s score in Quiz Buổi 2?','2026-04-19 11:39:24.896194','David explicitly mentioned, \'I got 7 out of 10\' when asked about his score.',NULL,'MULTIPLE_CHOICE_SINGLE','LISTENING',NULL,'Quiz — Buổi 2','2026-04-19 11:39:24.896194','TEACHER_PRIVATE','MANUAL',NULL,NULL,NULL,46,NULL),(78,NULL,11,'PENDING_REVIEW',NULL,'4.0','What will Sarah do to prepare for the next quiz?','2026-04-19 11:39:24.900197','When David suggested studying, Sarah replied, \'I will bring my notes,\' indicating her plan to prepare.',NULL,'MULTIPLE_CHOICE_SINGLE','LISTENING',NULL,'Quiz — Buổi 2','2026-04-19 11:39:24.900197','TEACHER_PRIVATE','MANUAL',NULL,NULL,NULL,46,NULL),(79,NULL,11,'PUBLISHED',NULL,'4.0','Which sentence correctly uses a pronoun and present simple tense?','2026-04-19 11:49:52.178025','Option D is correct. \'She\' is the correct subject pronoun, and \'studies\' is the correct present simple form of the verb \'study\' for a third-person singular subject. Options A, B, and C have errors in pronoun usage or subject-verb agreement.',NULL,'MULTIPLE_CHOICE_SINGLE','WRITING',NULL,'Quiz — Buổi 2','2026-04-19 12:08:19.801953','TEACHER_PRIVATE','MANUAL','','2026-04-19 12:08:19.800446',3,NULL,NULL),(80,NULL,11,'PUBLISHED',NULL,'4.0','Choose the sentences that are grammatically correct, focusing on past simple tense and pronouns.','2026-04-19 11:49:52.183067','Option A correctly uses the past simple \'went\' and the subject pronoun \'He\'. Option C correctly uses the past simple \'ate\' and the object pronoun \'them\'. Option D uses the correct past simple \'talked\' and the correct subject pronoun \'We\'. Option B has an incorrect past simple form for \'buy\' (\'bought\' is correct).',NULL,'MULTIPLE_CHOICE_MULTI','WRITING',NULL,'Quiz — Buổi 2','2026-04-19 12:08:22.406216','TEACHER_PRIVATE','MANUAL','','2026-04-19 12:08:22.405211',3,NULL,NULL),(81,NULL,11,'PENDING_REVIEW',NULL,'4.0','Which option completes the sentence correctly: \"My friends and I ___ a project last month. ___ worked very hard.\"','2026-04-19 11:49:52.186088','The first blank needs the past simple form of \'do\', which is \'did\', because the action happened \'last month\'. The second blank needs a subject pronoun that refers to \'My friends and I\', which is \'We\'. Therefore, \'did\' and \'We\' are the correct choices.',NULL,'MULTIPLE_CHOICE_SINGLE','WRITING',NULL,'Quiz — Buổi 2','2026-04-19 11:49:52.186088','TEACHER_PRIVATE','MANUAL',NULL,NULL,NULL,NULL,NULL),(83,NULL,3,'PUBLISHED',NULL,'4.5','Why did the man go to Boston?','2026-04-20 15:17:12.944266',NULL,NULL,'MULTIPLE_CHOICE_SINGLE','LISTENING',NULL,'Running marathon','2026-04-20 15:17:12.944266',NULL,'MANUAL',NULL,NULL,NULL,49,NULL),(84,NULL,3,'PUBLISHED',NULL,'4.5','Who is the runner in the story?','2026-04-20 15:17:12.947789',NULL,NULL,'MULTIPLE_CHOICE_SINGLE','LISTENING',NULL,'Running marathon','2026-04-20 15:17:12.947789',NULL,'MANUAL',NULL,NULL,NULL,49,NULL),(85,NULL,3,'PUBLISHED',NULL,'4.5','How much of the marathon did the man watch?','2026-04-20 15:17:12.951808',NULL,NULL,'MULTIPLE_CHOICE_SINGLE','LISTENING',NULL,'Running marathon','2026-04-20 15:17:12.951808',NULL,'MANUAL',NULL,NULL,NULL,49,NULL),(86,NULL,11,'PENDING_REVIEW',NULL,'4.5','Who helped Mark prepare for his studies on Monday?','2026-04-20 17:23:33.157493','Mark uses the Past Simple to say \'I studied with my brother on Monday\' and refers to him with the pronoun \'He\'.',NULL,'MULTIPLE_CHOICE_SINGLE','LISTENING',NULL,'Quiz — Buổi 2','2026-04-20 17:23:33.157493','TEACHER_PRIVATE','MANUAL',NULL,NULL,NULL,50,NULL),(87,NULL,11,'PENDING_REVIEW',NULL,'4.5','Why does Anna want to leave Mark now?','2026-04-20 17:23:33.162505','Anna uses the Present Simple to express her purpose: \'I want to check my notes before it begins.\'',NULL,'MULTIPLE_CHOICE_SINGLE','LISTENING',NULL,'Quiz — Buổi 2','2026-04-20 17:23:33.162505','TEACHER_PRIVATE','MANUAL',NULL,NULL,NULL,50,NULL),(88,NULL,11,'PENDING_REVIEW',NULL,'4.5','Based on the conversation, how did Anna feel about the first quiz?','2026-04-20 17:23:33.166564','Anna analyzes her experience by saying \'It was a bit difficult for me,\' which implies she did not find it easy.',NULL,'MULTIPLE_CHOICE_SINGLE','LISTENING',NULL,'Quiz — Buổi 2','2026-04-20 17:23:33.166564','TEACHER_PRIVATE','MANUAL',NULL,NULL,NULL,50,NULL),(89,NULL,11,'PENDING_REVIEW',NULL,'4.0','Listen to the dialogue:\nMan: Do you like your new job?\nWoman: Yes, I love it. My manager is very kind to me.\n\nQuestion: How does the woman feel about her job?','2026-04-20 17:33:49.233035','The woman says \'I love it\', which means she likes her job. The subject pronoun \'I\' refers to the woman.',NULL,'MULTIPLE_CHOICE_SINGLE','LISTENING',NULL,'Quiz — Buổi 2','2026-04-20 17:33:49.233035','TEACHER_PRIVATE','MANUAL',NULL,NULL,NULL,NULL,NULL),(90,NULL,11,'PENDING_REVIEW',NULL,'4.0','Listen to the dialogue:\nMark: Where were you last night, Sarah?\nSarah: I was at the library. I studied for my English exam.\n\nQuestion: What did Sarah do last night?','2026-04-20 17:33:49.258151','Sarah uses the Past Simple \'studied\' to describe her action last night.',NULL,'MULTIPLE_CHOICE_SINGLE','LISTENING',NULL,'Quiz — Buổi 2','2026-04-20 17:33:49.258151','TEACHER_PRIVATE','MANUAL',NULL,NULL,NULL,NULL,NULL),(91,NULL,11,'PENDING_REVIEW',NULL,'4.0','Listen to the dialogue:\nClerk: Can I help you?\nCustomer: Yes. How much are these blue shoes?\nClerk: They are fifty dollars.\n\nQuestion: How much do the shoes cost?','2026-04-20 17:33:49.262166','The clerk uses the pronoun \'They\' to refer to the shoes and the Present Simple \'are\' for the price.',NULL,'MULTIPLE_CHOICE_SINGLE','LISTENING',NULL,'Quiz — Buổi 2','2026-04-20 17:33:49.262166','TEACHER_PRIVATE','MANUAL',NULL,NULL,NULL,NULL,NULL),(92,NULL,11,'PENDING_REVIEW',NULL,'4.0','Listen to the dialogue:\nSon: Mom, did you see my keys? I can\'t find them.\nMom: Yes, I saw them on the table ten minutes ago.\n\nQuestion: Where were the keys?','2026-04-20 17:33:49.267991','The mother uses the Past Simple \'saw\' and the pronoun \'them\' to refer to the keys.',NULL,'MULTIPLE_CHOICE_SINGLE','LISTENING',NULL,'Quiz — Buổi 2','2026-04-20 17:33:49.267991','TEACHER_PRIVATE','MANUAL',NULL,NULL,NULL,NULL,NULL),(93,NULL,11,'PENDING_REVIEW',NULL,'4.0','Listen to the dialogue:\nAnna: Does your brother live in London?\nTom: No, he moved to Manchester last year. He works there now.\n\nQuestion: Where does Tom\'s brother live now?','2026-04-20 17:33:49.273502','Tom uses the Present Simple \'works\' and \'lives\' (implied) to show his brother\'s current location in Manchester.',NULL,'MULTIPLE_CHOICE_SINGLE','LISTENING',NULL,'Quiz — Buổi 2','2026-04-20 17:33:49.273502','TEACHER_PRIVATE','MANUAL',NULL,NULL,NULL,NULL,NULL),(94,NULL,11,'PENDING_REVIEW','https://res.cloudinary.com/decqv3ed0/video/upload/v1776754716/ai_q_listening_1776754714732.mp3','3.0','What is David going to do?','2026-04-21 06:59:07.487026',NULL,NULL,'MULTIPLE_CHOICE_SINGLE','LISTENING',NULL,'marathon','2026-04-21 06:59:07.487026','TEACHER_PRIVATE','MANUAL',NULL,NULL,NULL,51,NULL),(95,NULL,11,'PENDING_REVIEW','https://res.cloudinary.com/decqv3ed0/video/upload/v1776754717/ai_q_listening_1776754716489.mp3','3.0','When is the marathon?','2026-04-21 06:59:07.495549',NULL,NULL,'MULTIPLE_CHOICE_SINGLE','LISTENING',NULL,'marathon','2026-04-21 06:59:07.495549','TEACHER_PRIVATE','MANUAL',NULL,NULL,NULL,51,NULL),(96,NULL,11,'PENDING_REVIEW','https://res.cloudinary.com/decqv3ed0/video/upload/v1776754719/ai_q_listening_1776754717882.mp3','3.0','What did Emily do last year?','2026-04-21 06:59:07.500110',NULL,NULL,'MULTIPLE_CHOICE_SINGLE','LISTENING',NULL,'marathon','2026-04-21 06:59:07.500110','TEACHER_PRIVATE','MANUAL',NULL,NULL,NULL,51,NULL),(97,NULL,11,'PENDING_REVIEW','https://res.cloudinary.com/decqv3ed0/video/upload/v1776754721/ai_q_listening_1776754719440.mp3','3.0','How often is David training?','2026-04-21 06:59:07.505123',NULL,NULL,'MULTIPLE_CHOICE_SINGLE','LISTENING',NULL,'marathon','2026-04-21 06:59:07.505123','TEACHER_PRIVATE','MANUAL',NULL,NULL,NULL,51,NULL),(98,NULL,11,'PENDING_REVIEW','https://res.cloudinary.com/decqv3ed0/video/upload/v1776754722/ai_q_listening_1776754721070.mp3','3.0','How was Emily\'s marathon experience?','2026-04-21 06:59:07.510139',NULL,NULL,'MULTIPLE_CHOICE_SINGLE','LISTENING',NULL,'marathon','2026-04-21 06:59:07.510139','TEACHER_PRIVATE','MANUAL',NULL,NULL,NULL,51,NULL),(99,NULL,3,'PUBLISHED','https://res.cloudinary.com/decqv3ed0/video/upload/v1776796942/ai_q_listening_1776796939461.mp3','4.5','What does Emily do for Assignment 5?','2026-04-21 18:42:59.309269',NULL,NULL,'MULTIPLE_CHOICE_SINGLE','LISTENING',NULL,'Assignment 5','2026-04-21 18:42:59.309269','AI_GENERATED','MANUAL',NULL,NULL,NULL,NULL,NULL),(100,NULL,3,'PUBLISHED','https://res.cloudinary.com/decqv3ed0/video/upload/v1776796944/ai_q_listening_1776796942260.mp3','4.5','What did Robert do yesterday for Assignment 5?','2026-04-21 18:42:59.313285',NULL,NULL,'MULTIPLE_CHOICE_SINGLE','LISTENING',NULL,'Assignment 5','2026-04-21 18:42:59.313285','AI_GENERATED','MANUAL',NULL,NULL,NULL,NULL,NULL),(101,NULL,3,'PUBLISHED','https://res.cloudinary.com/decqv3ed0/video/upload/v1776796947/ai_q_listening_1776796944897.mp3','4.5','What are they doing now for Assignment 5?','2026-04-21 18:42:59.317349',NULL,NULL,'MULTIPLE_CHOICE_SINGLE','LISTENING',NULL,'Assignment 5','2026-04-21 18:42:59.317349','AI_GENERATED','MANUAL',NULL,NULL,NULL,NULL,NULL),(102,NULL,3,'PUBLISHED','https://res.cloudinary.com/decqv3ed0/video/upload/v1776796950/ai_q_listening_1776796947697.mp3','4.5','What has Emily finished for Assignment 5?','2026-04-21 18:42:59.320858',NULL,NULL,'MULTIPLE_CHOICE_SINGLE','LISTENING',NULL,'Assignment 5','2026-04-21 18:42:59.320858','AI_GENERATED','MANUAL',NULL,NULL,NULL,NULL,NULL),(103,NULL,3,'PUBLISHED','https://res.cloudinary.com/decqv3ed0/video/upload/v1776796953/ai_q_listening_1776796950497.mp3','4.5','Who helps Robert with Assignment 5?','2026-04-21 18:42:59.323357',NULL,NULL,'MULTIPLE_CHOICE_SINGLE','LISTENING',NULL,'Assignment 5','2026-04-21 18:42:59.323357','AI_GENERATED','MANUAL',NULL,NULL,NULL,NULL,NULL),(104,NULL,3,'PUBLISHED','https://res.cloudinary.com/decqv3ed0/video/upload/v1776923050/file_xvamhz.mp3','3.0','What is the capital of France?','2026-04-23 05:44:17.812198',NULL,'https://res.cloudinary.com/decqv3ed0/image/upload/v1776923051/file_b5vzv5.jpg','MULTIPLE_CHOICE_SINGLE','LISTENING',NULL,'Lesson 2 - Core Topics','2026-04-23 06:15:43.101338',NULL,'MANUAL',NULL,NULL,NULL,NULL,NULL),(105,NULL,11,'PENDING_REVIEW','https://res.cloudinary.com/decqv3ed0/video/upload/v1777275493/ai_q_listening_1777275491095.mp3','5.0','What has the teacher been doing while the students have been preparing for the quiz?','2026-04-27 07:39:27.073676',NULL,NULL,'MULTIPLE_CHOICE_SINGLE','LISTENING',NULL,'Quiz — Buổi 3','2026-04-27 07:39:27.073676','TEACHER_PRIVATE','MANUAL',NULL,NULL,NULL,NULL,'Robert [Male]: Have you been explaining the quiz rules to the students? \nEmily [Female]: Yes, I have been explaining the quiz rules while they have been preparing for the quiz. \nDavid [Male]: That\'s great, I\'m sure they will do well.'),(106,NULL,11,'PENDING_REVIEW','https://res.cloudinary.com/decqv3ed0/video/upload/v1777275495/ai_q_listening_1777275493568.mp3','5.0','Which of the following has been given to the students who are taking the quiz?','2026-04-27 07:39:27.099103',NULL,NULL,'MULTIPLE_CHOICE_SINGLE','LISTENING',NULL,'Quiz — Buổi 3','2026-04-27 07:39:27.099103','TEACHER_PRIVATE','MANUAL',NULL,NULL,NULL,NULL,'Emily [Female]: The students have been given a study guide which has been carefully prepared. \nRobert [Male]: That\'s great, I\'m sure it will help them. \nDavid [Male]: Yes, it has been prepared by the best teachers.'),(107,NULL,11,'DRAFT','https://res.cloudinary.com/decqv3ed0/video/upload/v1777275498/ai_q_listening_1777275495700.mp3','5.0','What have the students been doing since they started preparing for the quiz?','2026-04-27 07:39:27.104188',NULL,NULL,'MULTIPLE_CHOICE_SINGLE','LISTENING',NULL,'Quiz — Buổi 3','2026-04-27 14:46:47.396500','TEACHER_PRIVATE','MANUAL',NULL,NULL,NULL,NULL,'Robert [Male]: How have the students been doing since they started preparing for the quiz? \nEmily [Female]: They have been studying hard and I think they will do well. \nDavid [Male]: Yes, they have been working very hard.'),(108,NULL,3,'PUBLISHED',NULL,'4.0','What do people want to keep clean?','2026-04-27 13:22:33.089003','The question requires the reader to understand the main idea of the passage, which is about keeping the environment clean.',NULL,'MULTIPLE_CHOICE_SINGLE','READING',NULL,'Environment','2026-04-27 13:22:33.089003','AI_GENERATED','MANUAL',NULL,NULL,NULL,52,NULL),(109,NULL,3,'PUBLISHED',NULL,'4.0','What did people do many years ago?','2026-04-27 13:22:33.107182','The question requires the reader to understand the past actions of people, which is described in the passage using the past simple tense.',NULL,'MULTIPLE_CHOICE_SINGLE','READING',NULL,'Environment','2026-04-27 13:22:33.107182','AI_GENERATED','MANUAL',NULL,NULL,NULL,52,NULL),(110,NULL,3,'PUBLISHED',NULL,'4.0','What is the government doing to help the environment?','2026-04-27 13:22:33.111413','The question requires the reader to understand the role of the government in protecting the environment, which is described in the passage using the present simple tense.',NULL,'MULTIPLE_CHOICE_SINGLE','READING',NULL,'Environment','2026-04-27 13:22:33.111413','AI_GENERATED','MANUAL',NULL,NULL,NULL,52,NULL),(111,NULL,3,'PUBLISHED',NULL,'4.0','Why are some people using bicycles?','2026-04-27 13:22:33.114582','The question requires the reader to understand the reason for using bicycles, which is described in the passage as a way to keep the air clean.',NULL,'MULTIPLE_CHOICE_SINGLE','READING',NULL,'Environment','2026-04-27 13:22:33.114582','AI_GENERATED','MANUAL',NULL,NULL,NULL,52,NULL),(112,NULL,3,'PUBLISHED',NULL,'4.0','What are others using to reduce waste?','2026-04-27 13:22:33.118138','The question requires the reader to understand the method used to reduce waste, which is described in the passage as using bags that can be used many times.',NULL,'MULTIPLE_CHOICE_SINGLE','READING',NULL,'Environment','2026-04-27 13:22:33.118138','AI_GENERATED','MANUAL',NULL,NULL,NULL,52,NULL),(113,NULL,3,'PUBLISHED',NULL,'5.0','What has been happening to many species due to pollution and deforestation?','2026-04-27 13:22:52.616953','This question requires the test-taker to understand the main idea of the passage and identify the correct answer based on the information provided.',NULL,'MULTIPLE_CHOICE_SINGLE','READING',NULL,'Environment','2026-04-27 13:22:52.616953','AI_GENERATED','MANUAL',NULL,NULL,NULL,53,NULL),(114,NULL,3,'PUBLISHED',NULL,'5.0','What has been created by some countries to protect the environment?','2026-04-27 13:22:52.619953','This question requires the test-taker to understand the main idea of the passage and identify the correct answer based on the information provided.',NULL,'MULTIPLE_CHOICE_SINGLE','READING',NULL,'Environment','2026-04-27 13:22:52.619953','AI_GENERATED','MANUAL',NULL,NULL,NULL,53,NULL),(115,NULL,3,'PUBLISHED',NULL,'5.0','What has the government been doing to protect the environment?','2026-04-27 13:22:52.622436','This question requires the test-taker to understand the main idea of the passage and identify the correct answer based on the information provided.',NULL,'MULTIPLE_CHOICE_SINGLE','READING',NULL,'Environment','2026-04-27 13:22:52.622436','AI_GENERATED','MANUAL',NULL,NULL,NULL,53,NULL),(116,NULL,3,'PUBLISHED',NULL,'5.0','What has been happening to the air and water quality in some areas?','2026-04-27 13:22:52.625435','This question requires the test-taker to understand the main idea of the passage and identify the correct answer based on the information provided.',NULL,'MULTIPLE_CHOICE_SINGLE','READING',NULL,'Environment','2026-04-27 13:22:52.625435','AI_GENERATED','MANUAL',NULL,NULL,NULL,53,NULL),(117,NULL,3,'PUBLISHED',NULL,'5.0','What must individuals, organizations, and governments do to address environmental issues?','2026-04-27 13:22:52.628437','This question requires the test-taker to understand the main idea of the passage and identify the correct answer based on the information provided.',NULL,'MULTIPLE_CHOICE_SINGLE','READING',NULL,'Environment','2026-04-27 13:22:52.628437','AI_GENERATED','MANUAL',NULL,NULL,NULL,53,NULL),(118,NULL,3,'PUBLISHED','https://res.cloudinary.com/decqv3ed0/video/upload/v1777296212/ai_q_listening_1777296210724.mp3','5.0','What has been used by people to access the internet?','2026-04-27 13:23:56.468302','The question requires the listener to understand the main idea of the conversation and identify the device used to access the internet.',NULL,'MULTIPLE_CHOICE_SINGLE','LISTENING',NULL,'Technology','2026-04-27 13:23:56.468302','AI_GENERATED','MANUAL',NULL,NULL,NULL,54,NULL),(119,NULL,3,'PUBLISHED','https://res.cloudinary.com/decqv3ed0/video/upload/v1777296214/ai_q_listening_1777296213466.mp3','5.0','What has been invented by Tim Berners-Lee?','2026-04-27 13:23:56.471875','The question requires the listener to understand the conversation and identify the invention of Tim Berners-Lee.',NULL,'MULTIPLE_CHOICE_SINGLE','LISTENING',NULL,'Technology','2026-04-27 13:23:56.471875','AI_GENERATED','MANUAL',NULL,NULL,NULL,54,NULL),(120,NULL,3,'PUBLISHED','https://res.cloudinary.com/decqv3ed0/video/upload/v1777296217/ai_q_listening_1777296215982.mp3','5.0','What have many companies been using to advertise their products?','2026-04-27 13:23:56.474296','The question requires the listener to understand the conversation and identify the platforms used by companies to advertise their products.',NULL,'MULTIPLE_CHOICE_SINGLE','LISTENING',NULL,'Technology','2026-04-27 13:23:56.474296','AI_GENERATED','MANUAL',NULL,NULL,NULL,54,NULL),(121,NULL,3,'PUBLISHED',NULL,'5.0','IELTS Writing Task 2: Many people believe that technology has improved our lives, while others think that it has made our lives more complicated. Discuss both views and give your own opinion. Be sure to use the present perfect and passive voice in your essay, and include relative clauses to support your arguments.','2026-04-27 13:24:21.689557','This question requires the test-taker to discuss both views on the impact of technology on our lives, using the present perfect and passive voice, as well as relative clauses to support their arguments. The test-taker should provide a clear introduction, body paragraphs, and a conclusion, and demonstrate their ability to use complex sentences and vocabulary at the IELTS Band 5.0 level.',NULL,'WRITING','WRITING',NULL,'Technology','2026-04-27 13:24:21.689557','AI_GENERATED','MANUAL',NULL,NULL,NULL,NULL,NULL),(122,NULL,3,'PUBLISHED',NULL,'4.0','Write about a place where you can use the internet for free. What can you do when you are using the internet in this place?','2026-04-27 15:37:36.651191','Write a short paragraph about a place with free internet access.',NULL,'WRITING','WRITING',NULL,'Technology','2026-04-27 15:37:36.651191','AI_GENERATED','MANUAL',NULL,NULL,NULL,NULL,NULL);
/*!40000 ALTER TABLE `question` ENABLE KEYS */;
UNLOCK TABLES;

--
-- Table structure for table `question_group`
--

DROP TABLE IF EXISTS `question_group`;
/*!40101 SET @saved_cs_client     = @@character_set_client */;
/*!50503 SET character_set_client = utf8mb4 */;
CREATE TABLE `question_group` (
  `group_id` int NOT NULL AUTO_INCREMENT,
  `audio_url` varchar(500) DEFAULT NULL,
  `cefr_level` varchar(5) DEFAULT NULL,
  `created_at` datetime(6) DEFAULT NULL,
  `explanation` text,
  `group_content` text,
  `image_url` varchar(500) DEFAULT NULL,
  `skill` varchar(20) DEFAULT NULL,
  `status` varchar(20) DEFAULT NULL,
  `topic` varchar(255) DEFAULT NULL,
  `user_id` int DEFAULT NULL,
  `review_note` varchar(500) DEFAULT NULL,
  `reviewed_at` datetime(6) DEFAULT NULL,
  `reviewer_id` bigint DEFAULT NULL,
  `updated_at` datetime(6) DEFAULT NULL,
  PRIMARY KEY (`group_id`),
  KEY `FKht14cvlj3oct8cx7h82uyakj5` (`user_id`),
  CONSTRAINT `FKht14cvlj3oct8cx7h82uyakj5` FOREIGN KEY (`user_id`) REFERENCES `user` (`user_id`)
) ENGINE=InnoDB AUTO_INCREMENT=55 DEFAULT CHARSET=utf8mb4 COLLATE=utf8mb4_0900_ai_ci;
/*!40101 SET character_set_client = @saved_cs_client */;

--
-- Dumping data for table `question_group`
--

LOCK TABLES `question_group` WRITE;
/*!40000 ALTER TABLE `question_group` DISABLE KEYS */;
INSERT INTO `question_group` VALUES (1,NULL,'6.0',NULL,NULL,'Listen to the conversation between a student and a librarian.',NULL,'LISTENING','PUBLISHED','Education',4,NULL,NULL,NULL,NULL),(2,NULL,'7.0',NULL,NULL,'Read the article about Future Technology.',NULL,'READING','PUBLISHED','Technology',3,NULL,NULL,NULL,NULL),(3,NULL,'7.0','2026-04-18 03:24:32.625640',NULL,'Were it not for the invention of the internet, our lives would be vastly different. If scientists were to discover a cure for all diseases, it would undoubtedly have a profound impact on society. In the event that a new planet were to be discovered, it would likely be a groundbreaking finding. Unless the current rate of pollution were to slow down, the consequences would be dire. Were the government to invest more in renewable energy, it could potentially lead to a more sustainable future. In the subjunctive mood, we often express hypothetical or uncertain situations, such as \'if I were you\' or \'it is necessary that he be there.\' The use of inversions, on the other hand, can add emphasis or create a sense of formality, as seen in the phrase \'up went the balloon\' or \'never have I seen such a thing.\'',NULL,'READING','DRAFT','Quiz — Buổi 4',11,NULL,NULL,NULL,'2026-04-18 03:24:32.625640'),(4,NULL,'4.0','2026-04-18 03:29:01.962278',NULL,'My name is John. I am from England. I live in a small town. The town is very nice. It has a park, a library, and a school. I like to read books. I read books every day. Yesterday, I read a book about history. My friend, Emily, likes to watch TV. She watches TV every evening. Emily is a student. She studies at the school in our town. My mother likes to cook. She cooks dinner every night. My father likes to play football. He plays football with his friends on Sundays. I have a pet dog. His name is Max. Max is very friendly. He likes to play with me. I take Max for a walk every morning.',NULL,'READING','DRAFT','Quiz — Buổi 1',11,NULL,NULL,NULL,'2026-04-18 03:29:01.962278'),(5,NULL,'4.0','2026-04-18 03:29:01.971816',NULL,'My name is John. I am from England. I live in a small town. The town is very nice. It has a park, a library, and a school. I like to read books. I read books every day. Yesterday, I read a book about history. My friend, Emily, likes to watch TV. She watches TV every evening. Emily is a student. She studies at the school in our town. My mother likes to cook. She cooks dinner every night. My father likes to play football. He plays football with his friends on Sundays. I have a pet dog. His name is Max. Max is very friendly. He likes to play with me. I take Max for a walk every morning.',NULL,'READING','DRAFT','Quiz — Buổi 1',11,NULL,NULL,NULL,'2026-04-18 03:29:01.971816'),(6,NULL,'4.0','2026-04-18 03:29:01.981351',NULL,'My name is John. I am from England. I live in a small town. The town is very nice. It has a park, a library, and a school. I like to read books. I read books every day. Yesterday, I read a book about history. My friend, Emily, likes to watch TV. She watches TV every evening. Emily is a student. She studies at the school in our town. My mother likes to cook. She cooks dinner every night. My father likes to play football. He plays football with his friends on Sundays. I have a pet dog. His name is Max. Max is very friendly. He likes to play with me. I take Max for a walk every morning.',NULL,'READING','DRAFT','Quiz — Buổi 1',11,NULL,NULL,NULL,'2026-04-18 03:29:01.981351'),(7,NULL,'4.0','2026-04-18 03:29:01.986871',NULL,'My name is John. I am from England. I live in a small town. The town is very nice. It has a park, a library, and a school. I like to read books. I read books every day. Yesterday, I read a book about history. My friend, Emily, likes to watch TV. She watches TV every evening. Emily is a student. She studies at the school in our town. My mother likes to cook. She cooks dinner every night. My father likes to play football. He plays football with his friends on Sundays. I have a pet dog. His name is Max. Max is very friendly. He likes to play with me. I take Max for a walk every morning.',NULL,'READING','DRAFT','Quiz — Buổi 1',11,NULL,NULL,NULL,'2026-04-18 03:29:01.986871'),(8,NULL,'4.0','2026-04-18 03:29:01.991911',NULL,'My name is John. I am from England. I live in a small town. The town is very nice. It has a park, a library, and a school. I like to read books. I read books every day. Yesterday, I read a book about history. My friend, Emily, likes to watch TV. She watches TV every evening. Emily is a student. She studies at the school in our town. My mother likes to cook. She cooks dinner every night. My father likes to play football. He plays football with his friends on Sundays. I have a pet dog. His name is Max. Max is very friendly. He likes to play with me. I take Max for a walk every morning.',NULL,'READING','DRAFT','Quiz — Buổi 1',11,NULL,NULL,NULL,'2026-04-18 03:29:01.991911'),(9,NULL,'4.0','2026-04-18 03:29:01.998497',NULL,'My name is John. I am from England. I live in a small town. The town is very nice. It has a park, a library, and a school. I like to read books. I read books every day. Yesterday, I read a book about history. My friend, Emily, likes to watch TV. She watches TV every evening. Emily is a student. She studies at the school in our town. My mother likes to cook. She cooks dinner every night. My father likes to play football. He plays football with his friends on Sundays. I have a pet dog. His name is Max. Max is very friendly. He likes to play with me. I take Max for a walk every morning.',NULL,'READING','DRAFT','Quiz — Buổi 1',11,NULL,NULL,NULL,'2026-04-18 03:29:01.998497'),(10,NULL,'4.0','2026-04-18 03:29:02.004027',NULL,'My name is John. I am from England. I live in a small town. The town is very nice. It has a park, a library, and a school. I like to read books. I read books every day. Yesterday, I read a book about history. My friend, Emily, likes to watch TV. She watches TV every evening. Emily is a student. She studies at the school in our town. My mother likes to cook. She cooks dinner every night. My father likes to play football. He plays football with his friends on Sundays. I have a pet dog. His name is Max. Max is very friendly. He likes to play with me. I take Max for a walk every morning.',NULL,'READING','DRAFT','Quiz — Buổi 1',11,NULL,NULL,NULL,'2026-04-18 03:29:02.004027'),(11,NULL,'4.0','2026-04-18 03:29:02.009553',NULL,'My name is John. I am from England. I live in a small town. The town is very nice. It has a park, a library, and a school. I like to read books. I read books every day. Yesterday, I read a book about history. My friend, Emily, likes to watch TV. She watches TV every evening. Emily is a student. She studies at the school in our town. My mother likes to cook. She cooks dinner every night. My father likes to play football. He plays football with his friends on Sundays. I have a pet dog. His name is Max. Max is very friendly. He likes to play with me. I take Max for a walk every morning.',NULL,'READING','DRAFT','Quiz — Buổi 1',11,NULL,NULL,NULL,'2026-04-18 03:29:02.009553'),(12,NULL,'4.0','2026-04-18 03:29:02.015585',NULL,'My name is John. I am from England. I live in a small town. The town is very nice. It has a park, a library, and a school. I like to read books. I read books every day. Yesterday, I read a book about history. My friend, Emily, likes to watch TV. She watches TV every evening. Emily is a student. She studies at the school in our town. My mother likes to cook. She cooks dinner every night. My father likes to play football. He plays football with his friends on Sundays. I have a pet dog. His name is Max. Max is very friendly. He likes to play with me. I take Max for a walk every morning.',NULL,'READING','DRAFT','Quiz — Buổi 1',11,NULL,NULL,NULL,'2026-04-18 03:29:02.015585'),(13,NULL,'4.0','2026-04-18 03:29:02.020104',NULL,'My name is John. I am from England. I live in a small town. The town is very nice. It has a park, a library, and a school. I like to read books. I read books every day. Yesterday, I read a book about history. My friend, Emily, likes to watch TV. She watches TV every evening. Emily is a student. She studies at the school in our town. My mother likes to cook. She cooks dinner every night. My father likes to play football. He plays football with his friends on Sundays. I have a pet dog. His name is Max. Max is very friendly. He likes to play with me. I take Max for a walk every morning.',NULL,'READING','DRAFT','Quiz — Buổi 1',11,NULL,NULL,NULL,'2026-04-18 03:29:02.020104'),(14,NULL,'4.0','2026-04-18 03:29:02.025117',NULL,'My name is John. I am from England. I live in a small town. The town is very nice. It has a park, a library, and a school. I like to read books. I read books every day. Yesterday, I read a book about history. My friend, Emily, likes to watch TV. She watches TV every evening. Emily is a student. She studies at the school in our town. My mother likes to cook. She cooks dinner every night. My father likes to play football. He plays football with his friends on Sundays. I have a pet dog. His name is Max. Max is very friendly. He likes to play with me. I take Max for a walk every morning.',NULL,'READING','DRAFT','Quiz — Buổi 1',11,NULL,NULL,NULL,'2026-04-18 03:29:02.025117'),(15,NULL,'4.0','2026-04-18 03:29:24.359685',NULL,'My name is John, and I am from the United States. I live in a big city called New York. I have a brother and a sister, and we all like to play sports. My brother plays soccer, my sister plays basketball, and I play tennis. We often play together on Sundays. Last Sunday, we played soccer, and my brother scored a goal. After the game, we went to a restaurant and had lunch. My brother had a sandwich, my sister had a salad, and I had a burger. We all like to eat different foods, but we always have fun together. My brother and sister are my best friends, and I am very happy to have them in my life. Yesterday, my brother and I went to the park, and we saw a dog. The dog was very friendly, and it played with us for a while. Then, we went home and watched a movie. My brother liked the movie, but I did not like it very much. Today, I am going to school, and my brother and sister are coming with me. We will learn many new things, and we will see our friends. I like going to school because I can learn new things and see my friends every day.',NULL,'READING','DRAFT','Quiz — Buổi 1',11,NULL,NULL,NULL,'2026-04-18 03:29:24.359685'),(16,NULL,'4.0','2026-04-18 03:29:24.363692',NULL,'My name is John, and I am from the United States. I live in a big city called New York. I have a brother and a sister, and we all like to play sports. My brother plays soccer, my sister plays basketball, and I play tennis. We often play together on Sundays. Last Sunday, we played soccer, and my brother scored a goal. After the game, we went to a restaurant and had lunch. My brother had a sandwich, my sister had a salad, and I had a burger. We all like to eat different foods, but we always have fun together. My brother and sister are my best friends, and I am very happy to have them in my life. Yesterday, my brother and I went to the park, and we saw a dog. The dog was very friendly, and it played with us for a while. Then, we went home and watched a movie. My brother liked the movie, but I did not like it very much. Today, I am going to school, and my brother and sister are coming with me. We will learn many new things, and we will see our friends. I like going to school because I can learn new things and see my friends every day.',NULL,'READING','DRAFT','Quiz — Buổi 1',11,NULL,NULL,NULL,'2026-04-18 03:29:24.363692'),(17,NULL,'4.0','2026-04-18 03:29:24.368708',NULL,'My name is John, and I am from the United States. I live in a big city called New York. I have a brother and a sister, and we all like to play sports. My brother plays soccer, my sister plays basketball, and I play tennis. We often play together on Sundays. Last Sunday, we played soccer, and my brother scored a goal. After the game, we went to a restaurant and had lunch. My brother had a sandwich, my sister had a salad, and I had a burger. We all like to eat different foods, but we always have fun together. My brother and sister are my best friends, and I am very happy to have them in my life. Yesterday, my brother and I went to the park, and we saw a dog. The dog was very friendly, and it played with us for a while. Then, we went home and watched a movie. My brother liked the movie, but I did not like it very much. Today, I am going to school, and my brother and sister are coming with me. We will learn many new things, and we will see our friends. I like going to school because I can learn new things and see my friends every day.',NULL,'READING','DRAFT','Quiz — Buổi 1',11,NULL,NULL,NULL,'2026-04-18 03:29:24.368708'),(18,NULL,'4.0','2026-04-18 03:29:24.372719',NULL,'My name is John, and I am from the United States. I live in a big city called New York. I have a brother and a sister, and we all like to play sports. My brother plays soccer, my sister plays basketball, and I play tennis. We often play together on Sundays. Last Sunday, we played soccer, and my brother scored a goal. After the game, we went to a restaurant and had lunch. My brother had a sandwich, my sister had a salad, and I had a burger. We all like to eat different foods, but we always have fun together. My brother and sister are my best friends, and I am very happy to have them in my life. Yesterday, my brother and I went to the park, and we saw a dog. The dog was very friendly, and it played with us for a while. Then, we went home and watched a movie. My brother liked the movie, but I did not like it very much. Today, I am going to school, and my brother and sister are coming with me. We will learn many new things, and we will see our friends. I like going to school because I can learn new things and see my friends every day.',NULL,'READING','DRAFT','Quiz — Buổi 1',11,NULL,NULL,NULL,'2026-04-18 03:29:24.372719'),(19,NULL,'4.0','2026-04-18 03:29:24.378227',NULL,'My name is John, and I am from the United States. I live in a big city called New York. I have a brother and a sister, and we all like to play sports. My brother plays soccer, my sister plays basketball, and I play tennis. We often play together on Sundays. Last Sunday, we played soccer, and my brother scored a goal. After the game, we went to a restaurant and had lunch. My brother had a sandwich, my sister had a salad, and I had a burger. We all like to eat different foods, but we always have fun together. My brother and sister are my best friends, and I am very happy to have them in my life. Yesterday, my brother and I went to the park, and we saw a dog. The dog was very friendly, and it played with us for a while. Then, we went home and watched a movie. My brother liked the movie, but I did not like it very much. Today, I am going to school, and my brother and sister are coming with me. We will learn many new things, and we will see our friends. I like going to school because I can learn new things and see my friends every day.',NULL,'READING','DRAFT','Quiz — Buổi 1',11,NULL,NULL,NULL,'2026-04-18 03:29:24.378227'),(20,NULL,'6.0','2026-04-18 04:05:52.524360',NULL,'The city of London has been visited by millions of tourists, who have been fascinated by its historic landmarks, such as Buckingham Palace, which has been the official residence of the British monarch since 1837. Many of these visitors have also been impressed by the city\'s vibrant cultural scene, which has been shaped by the numerous artists and musicians who have lived and worked there. The city\'s famous museums, including the British Museum, have been renovated and expanded in recent years, and they have been attracting a large number of visitors, who have been interested in learning about the history and culture of the city. The construction of new buildings and infrastructure has been ongoing, and many of the city\'s old buildings have been restored and converted into modern offices and apartments. However, some of the city\'s historic neighborhoods have been affected by the construction, and many of the local residents have been concerned about the impact of the changes on their community.',NULL,'READING','DRAFT','Quiz — Buổi 14',11,NULL,NULL,NULL,'2026-04-18 04:05:52.524360'),(21,NULL,'6.0','2026-04-18 04:05:52.529597',NULL,'The city of London has been visited by millions of tourists, who have been fascinated by its historic landmarks, such as Buckingham Palace, which has been the official residence of the British monarch since 1837. Many of these visitors have also been impressed by the city\'s vibrant cultural scene, which has been shaped by the numerous artists and musicians who have lived and worked there. The city\'s famous museums, including the British Museum, have been renovated and expanded in recent years, and they have been attracting a large number of visitors, who have been interested in learning about the history and culture of the city. The construction of new buildings and infrastructure has been ongoing, and many of the city\'s old buildings have been restored and converted into modern offices and apartments. However, some of the city\'s historic neighborhoods have been affected by the construction, and many of the local residents have been concerned about the impact of the changes on their community.',NULL,'READING','DRAFT','Quiz — Buổi 14',11,NULL,NULL,NULL,'2026-04-18 04:05:52.529597'),(22,NULL,'6.0','2026-04-18 04:05:52.535621',NULL,'The city of London has been visited by millions of tourists, who have been fascinated by its historic landmarks, such as Buckingham Palace, which has been the official residence of the British monarch since 1837. Many of these visitors have also been impressed by the city\'s vibrant cultural scene, which has been shaped by the numerous artists and musicians who have lived and worked there. The city\'s famous museums, including the British Museum, have been renovated and expanded in recent years, and they have been attracting a large number of visitors, who have been interested in learning about the history and culture of the city. The construction of new buildings and infrastructure has been ongoing, and many of the city\'s old buildings have been restored and converted into modern offices and apartments. However, some of the city\'s historic neighborhoods have been affected by the construction, and many of the local residents have been concerned about the impact of the changes on their community.',NULL,'READING','DRAFT','Quiz — Buổi 14',11,NULL,NULL,NULL,'2026-04-18 04:05:52.535621'),(23,NULL,'6.0','2026-04-18 04:05:52.540394',NULL,'The city of London has been visited by millions of tourists, who have been fascinated by its historic landmarks, such as Buckingham Palace, which has been the official residence of the British monarch since 1837. Many of these visitors have also been impressed by the city\'s vibrant cultural scene, which has been shaped by the numerous artists and musicians who have lived and worked there. The city\'s famous museums, including the British Museum, have been renovated and expanded in recent years, and they have been attracting a large number of visitors, who have been interested in learning about the history and culture of the city. The construction of new buildings and infrastructure has been ongoing, and many of the city\'s old buildings have been restored and converted into modern offices and apartments. However, some of the city\'s historic neighborhoods have been affected by the construction, and many of the local residents have been concerned about the impact of the changes on their community.',NULL,'READING','DRAFT','Quiz — Buổi 14',11,NULL,NULL,NULL,'2026-04-18 04:05:52.540394'),(24,NULL,'6.0','2026-04-18 04:05:52.545427',NULL,'The city of London has been visited by millions of tourists, who have been fascinated by its historic landmarks, such as Buckingham Palace, which has been the official residence of the British monarch since 1837. Many of these visitors have also been impressed by the city\'s vibrant cultural scene, which has been shaped by the numerous artists and musicians who have lived and worked there. The city\'s famous museums, including the British Museum, have been renovated and expanded in recent years, and they have been attracting a large number of visitors, who have been interested in learning about the history and culture of the city. The construction of new buildings and infrastructure has been ongoing, and many of the city\'s old buildings have been restored and converted into modern offices and apartments. However, some of the city\'s historic neighborhoods have been affected by the construction, and many of the local residents have been concerned about the impact of the changes on their community.',NULL,'READING','DRAFT','Quiz — Buổi 14',11,NULL,NULL,NULL,'2026-04-18 04:05:52.545427'),(25,NULL,'6.0','2026-04-18 04:05:52.549934',NULL,'The city of London has been visited by millions of tourists, who have been fascinated by its historic landmarks, such as Buckingham Palace, which has been the official residence of the British monarch since 1837. Many of these visitors have also been impressed by the city\'s vibrant cultural scene, which has been shaped by the numerous artists and musicians who have lived and worked there. The city\'s famous museums, including the British Museum, have been renovated and expanded in recent years, and they have been attracting a large number of visitors, who have been interested in learning about the history and culture of the city. The construction of new buildings and infrastructure has been ongoing, and many of the city\'s old buildings have been restored and converted into modern offices and apartments. However, some of the city\'s historic neighborhoods have been affected by the construction, and many of the local residents have been concerned about the impact of the changes on their community.',NULL,'READING','DRAFT','Quiz — Buổi 14',11,NULL,NULL,NULL,'2026-04-18 04:05:52.549934'),(26,NULL,'3.0','2026-04-18 04:57:40.364631',NULL,'I am a student. I learn new words every day. Yesterday, I learned the word \'computer\'. My friend has a computer. She uses it to play games. I like playing games too. My friend is very good at games. She plays games every day. I play games sometimes. My friend\'s computer is very fast. It is new. She bought it last week.',NULL,'READING','DRAFT','Từ vựng mới',11,NULL,NULL,NULL,'2026-04-18 04:57:40.364631'),(27,NULL,'3.0','2026-04-18 04:57:40.369651',NULL,'I am a student. I learn new words every day. Yesterday, I learned the word \'computer\'. My friend has a computer. She uses it to play games. I like playing games too. My friend is very good at games. She plays games every day. I play games sometimes. My friend\'s computer is very fast. It is new. She bought it last week.',NULL,'READING','DRAFT','Từ vựng mới',11,NULL,NULL,NULL,'2026-04-18 04:57:40.369651'),(28,NULL,'3.0','2026-04-18 04:57:40.379712',NULL,'I am a student. I learn new words every day. Yesterday, I learned the word \'computer\'. My friend has a computer. She uses it to play games. I like playing games too. My friend is very good at games. She plays games every day. I play games sometimes. My friend\'s computer is very fast. It is new. She bought it last week.',NULL,'READING','DRAFT','Từ vựng mới',11,NULL,NULL,NULL,'2026-04-18 04:57:40.379712'),(29,NULL,'3.0','2026-04-18 04:57:40.385811',NULL,'I am a student. I learn new words every day. Yesterday, I learned the word \'computer\'. My friend has a computer. She uses it to play games. I like playing games too. My friend is very good at games. She plays games every day. I play games sometimes. My friend\'s computer is very fast. It is new. She bought it last week.',NULL,'READING','DRAFT','Từ vựng mới',11,NULL,NULL,NULL,'2026-04-18 04:57:40.385811'),(30,NULL,'3.0','2026-04-18 04:57:40.391330',NULL,'I am a student. I learn new words every day. Yesterday, I learned the word \'computer\'. My friend has a computer. She uses it to play games. I like playing games too. My friend is very good at games. She plays games every day. I play games sometimes. My friend\'s computer is very fast. It is new. She bought it last week.',NULL,'READING','DRAFT','Từ vựng mới',11,NULL,NULL,NULL,'2026-04-18 04:57:40.391330'),(31,NULL,'3.0','2026-04-18 04:57:40.397845',NULL,'I am a student. I learn new words every day. Yesterday, I learned the word \'computer\'. My friend has a computer. She uses it to play games. I like playing games too. My friend is very good at games. She plays games every day. I play games sometimes. My friend\'s computer is very fast. It is new. She bought it last week.',NULL,'READING','DRAFT','Từ vựng mới',11,NULL,NULL,NULL,'2026-04-18 04:57:40.397845'),(32,NULL,'6.0','2026-04-18 04:58:17.871326',NULL,'The development of vocabulary has been a subject of interest for linguists and language learners alike. It has been observed that the process of learning new words is not just a matter of memorization, but rather an intricate process that involves understanding the context in which the words are used. Many language learners have reported that they have been able to learn new words more effectively when they are presented in a sentence or a short passage, rather than as isolated words. This is because the context provides clues about the meaning of the word, which can help learners to understand its connotation and usage. Furthermore, research has shown that the use of relative clauses can facilitate the learning of new vocabulary, as it allows learners to see how words are used in different grammatical structures. The present perfect tense has also been found to be particularly useful in this regard, as it enables learners to describe actions that started in the past and continue up to the present. In addition, the passive voice has been shown to be an effective way to present new vocabulary, as it allows learners to focus on the action rather than the doer of the action. For instance, a sentence such as \'the new policy has been implemented\' can help learners to understand the meaning of the word \'implemented\' without having to worry about who implemented it. Overall, the development of vocabulary is a complex process that requires a range of linguistic tools and strategies, including the use of relative clauses, the present perfect tense, and the passive voice.',NULL,'READING','DRAFT','Vocabulary Development',11,NULL,NULL,NULL,'2026-04-18 04:58:17.871326'),(33,NULL,'6.0','2026-04-18 04:58:17.874331',NULL,'The development of vocabulary has been a subject of interest for linguists and language learners alike. It has been observed that the process of learning new words is not just a matter of memorization, but rather an intricate process that involves understanding the context in which the words are used. Many language learners have reported that they have been able to learn new words more effectively when they are presented in a sentence or a short passage, rather than as isolated words. This is because the context provides clues about the meaning of the word, which can help learners to understand its connotation and usage. Furthermore, research has shown that the use of relative clauses can facilitate the learning of new vocabulary, as it allows learners to see how words are used in different grammatical structures. The present perfect tense has also been found to be particularly useful in this regard, as it enables learners to describe actions that started in the past and continue up to the present. In addition, the passive voice has been shown to be an effective way to present new vocabulary, as it allows learners to focus on the action rather than the doer of the action. For instance, a sentence such as \'the new policy has been implemented\' can help learners to understand the meaning of the word \'implemented\' without having to worry about who implemented it. Overall, the development of vocabulary is a complex process that requires a range of linguistic tools and strategies, including the use of relative clauses, the present perfect tense, and the passive voice.',NULL,'READING','DRAFT','Vocabulary Development',11,NULL,NULL,NULL,'2026-04-18 04:58:17.874331'),(34,NULL,'6.0','2026-04-18 04:58:17.878340',NULL,'The development of vocabulary has been a subject of interest for linguists and language learners alike. It has been observed that the process of learning new words is not just a matter of memorization, but rather an intricate process that involves understanding the context in which the words are used. Many language learners have reported that they have been able to learn new words more effectively when they are presented in a sentence or a short passage, rather than as isolated words. This is because the context provides clues about the meaning of the word, which can help learners to understand its connotation and usage. Furthermore, research has shown that the use of relative clauses can facilitate the learning of new vocabulary, as it allows learners to see how words are used in different grammatical structures. The present perfect tense has also been found to be particularly useful in this regard, as it enables learners to describe actions that started in the past and continue up to the present. In addition, the passive voice has been shown to be an effective way to present new vocabulary, as it allows learners to focus on the action rather than the doer of the action. For instance, a sentence such as \'the new policy has been implemented\' can help learners to understand the meaning of the word \'implemented\' without having to worry about who implemented it. Overall, the development of vocabulary is a complex process that requires a range of linguistic tools and strategies, including the use of relative clauses, the present perfect tense, and the passive voice.',NULL,'READING','DRAFT','Vocabulary Development',11,NULL,NULL,NULL,'2026-04-18 04:58:17.878340'),(35,NULL,'6.0','2026-04-18 04:58:17.882852',NULL,'The development of vocabulary has been a subject of interest for linguists and language learners alike. It has been observed that the process of learning new words is not just a matter of memorization, but rather an intricate process that involves understanding the context in which the words are used. Many language learners have reported that they have been able to learn new words more effectively when they are presented in a sentence or a short passage, rather than as isolated words. This is because the context provides clues about the meaning of the word, which can help learners to understand its connotation and usage. Furthermore, research has shown that the use of relative clauses can facilitate the learning of new vocabulary, as it allows learners to see how words are used in different grammatical structures. The present perfect tense has also been found to be particularly useful in this regard, as it enables learners to describe actions that started in the past and continue up to the present. In addition, the passive voice has been shown to be an effective way to present new vocabulary, as it allows learners to focus on the action rather than the doer of the action. For instance, a sentence such as \'the new policy has been implemented\' can help learners to understand the meaning of the word \'implemented\' without having to worry about who implemented it. Overall, the development of vocabulary is a complex process that requires a range of linguistic tools and strategies, including the use of relative clauses, the present perfect tense, and the passive voice.',NULL,'READING','DRAFT','Vocabulary Development',11,NULL,NULL,NULL,'2026-04-18 04:58:17.882852'),(36,NULL,'6.0','2026-04-18 04:58:17.887418',NULL,'The development of vocabulary has been a subject of interest for linguists and language learners alike. It has been observed that the process of learning new words is not just a matter of memorization, but rather an intricate process that involves understanding the context in which the words are used. Many language learners have reported that they have been able to learn new words more effectively when they are presented in a sentence or a short passage, rather than as isolated words. This is because the context provides clues about the meaning of the word, which can help learners to understand its connotation and usage. Furthermore, research has shown that the use of relative clauses can facilitate the learning of new vocabulary, as it allows learners to see how words are used in different grammatical structures. The present perfect tense has also been found to be particularly useful in this regard, as it enables learners to describe actions that started in the past and continue up to the present. In addition, the passive voice has been shown to be an effective way to present new vocabulary, as it allows learners to focus on the action rather than the doer of the action. For instance, a sentence such as \'the new policy has been implemented\' can help learners to understand the meaning of the word \'implemented\' without having to worry about who implemented it. Overall, the development of vocabulary is a complex process that requires a range of linguistic tools and strategies, including the use of relative clauses, the present perfect tense, and the passive voice.',NULL,'READING','DRAFT','Vocabulary Development',11,NULL,NULL,NULL,'2026-04-18 04:58:17.887418'),(37,NULL,'6.0','2026-04-18 04:58:17.892021',NULL,'The development of vocabulary has been a subject of interest for linguists and language learners alike. It has been observed that the process of learning new words is not just a matter of memorization, but rather an intricate process that involves understanding the context in which the words are used. Many language learners have reported that they have been able to learn new words more effectively when they are presented in a sentence or a short passage, rather than as isolated words. This is because the context provides clues about the meaning of the word, which can help learners to understand its connotation and usage. Furthermore, research has shown that the use of relative clauses can facilitate the learning of new vocabulary, as it allows learners to see how words are used in different grammatical structures. The present perfect tense has also been found to be particularly useful in this regard, as it enables learners to describe actions that started in the past and continue up to the present. In addition, the passive voice has been shown to be an effective way to present new vocabulary, as it allows learners to focus on the action rather than the doer of the action. For instance, a sentence such as \'the new policy has been implemented\' can help learners to understand the meaning of the word \'implemented\' without having to worry about who implemented it. Overall, the development of vocabulary is a complex process that requires a range of linguistic tools and strategies, including the use of relative clauses, the present perfect tense, and the passive voice.',NULL,'READING','DRAFT','Vocabulary Development',11,NULL,NULL,NULL,'2026-04-18 04:58:17.892021'),(38,NULL,'5.0','2026-04-18 06:03:15.879587',NULL,'The new vocabulary quiz has been designed by experts who have been working on it for several months. The quiz, which has been made available online, is intended for students who have been preparing for the exam and want to test their knowledge. Many students have already taken the quiz, and their results have been recorded. The quiz is being administered by a team of teachers who have been trained to use the new software. The software, which has been developed by a leading company, is being used in many schools because it is easy to use and very efficient. The company has also provided training for the teachers, which has been very helpful.',NULL,'READING','DRAFT','Quiz từ vựng mới',11,NULL,NULL,NULL,'2026-04-18 06:03:15.879587'),(39,NULL,'5.0','2026-04-18 06:03:15.883604',NULL,'The new vocabulary quiz has been designed by experts who have been working on it for several months. The quiz, which has been made available online, is intended for students who have been preparing for the exam and want to test their knowledge. Many students have already taken the quiz, and their results have been recorded. The quiz is being administered by a team of teachers who have been trained to use the new software. The software, which has been developed by a leading company, is being used in many schools because it is easy to use and very efficient. The company has also provided training for the teachers, which has been very helpful.',NULL,'READING','DRAFT','Quiz từ vựng mới',11,NULL,NULL,NULL,'2026-04-18 06:03:15.883604'),(40,NULL,'5.0','2026-04-18 06:03:15.888168',NULL,'The new vocabulary quiz has been designed by experts who have been working on it for several months. The quiz, which has been made available online, is intended for students who have been preparing for the exam and want to test their knowledge. Many students have already taken the quiz, and their results have been recorded. The quiz is being administered by a team of teachers who have been trained to use the new software. The software, which has been developed by a leading company, is being used in many schools because it is easy to use and very efficient. The company has also provided training for the teachers, which has been very helpful.',NULL,'READING','DRAFT','Quiz từ vựng mới',11,NULL,NULL,NULL,'2026-04-18 06:03:15.888168'),(41,NULL,'5.0','2026-04-18 06:03:15.892687',NULL,'The new vocabulary quiz has been designed by experts who have been working on it for several months. The quiz, which has been made available online, is intended for students who have been preparing for the exam and want to test their knowledge. Many students have already taken the quiz, and their results have been recorded. The quiz is being administered by a team of teachers who have been trained to use the new software. The software, which has been developed by a leading company, is being used in many schools because it is easy to use and very efficient. The company has also provided training for the teachers, which has been very helpful.',NULL,'READING','DRAFT','Quiz từ vựng mới',11,NULL,NULL,NULL,'2026-04-18 06:03:15.892687'),(42,NULL,'5.0','2026-04-18 06:03:15.897223',NULL,'The new vocabulary quiz has been designed by experts who have been working on it for several months. The quiz, which has been made available online, is intended for students who have been preparing for the exam and want to test their knowledge. Many students have already taken the quiz, and their results have been recorded. The quiz is being administered by a team of teachers who have been trained to use the new software. The software, which has been developed by a leading company, is being used in many schools because it is easy to use and very efficient. The company has also provided training for the teachers, which has been very helpful.',NULL,'READING','DRAFT','Quiz từ vựng mới',11,NULL,NULL,NULL,'2026-04-18 06:03:15.897223'),(43,NULL,'5.0','2026-04-18 06:03:15.901247',NULL,'The new vocabulary quiz has been designed by experts who have been working on it for several months. The quiz, which has been made available online, is intended for students who have been preparing for the exam and want to test their knowledge. Many students have already taken the quiz, and their results have been recorded. The quiz is being administered by a team of teachers who have been trained to use the new software. The software, which has been developed by a leading company, is being used in many schools because it is easy to use and very efficient. The company has also provided training for the teachers, which has been very helpful.',NULL,'READING','DRAFT','Quiz từ vựng mới',11,NULL,NULL,NULL,'2026-04-18 06:03:15.901247'),(44,NULL,'3.0','2026-04-19 10:39:57.334514',NULL,'Mark [Male]: Hi Sarah. Are you ready for the quiz?\nSarah [Female]: Hi Mark. Yes, I am. I think it starts now.\nMark [Male]: Oh, really? I thought it began at two o\'clock.\nSarah [Female]: No, it was twenty-thirty, wasn\'t it? The email said so.\nMark [Male]: You are right. I checked my phone. It\'s twenty-thirty.\nSarah [Female]: Okay. What is the topic today?\nMark [Male]: It is \"General Knowledge,\" first session. We need to answer ten questions.\nSarah [Female]: Ten questions? That sounds like a lot for one quiz.\nMark [Male]: Yes, but they are easy, I hope. We have twenty minutes for them.\nSarah [Female]: Twenty minutes. That is good. Did you study anything?\nMark [Male]: A little. I read some facts about history.\nSarah [Female]: Oh, history. I like history! Let\'s start.',NULL,'LISTENING','DRAFT','Quiz — Buổi 1',11,NULL,NULL,NULL,'2026-04-19 10:39:57.334514'),(45,NULL,'3.0','2026-04-19 11:07:22.522231',NULL,'Sarah [Female]: Hello, Tom. Are you ready for our quiz today?\nTom [Male]: Hi, Sarah. Yes, I am. I studied for it yesterday.\nSarah [Female]: Great! This is Quiz - Session 1. It has five questions.\nTom [Male]: Five questions. Okay. What is the first question about?\nSarah [Female]: The first question is about animals. Listen carefully.\nTom [Male]: Animals. My favorite!\nSarah [Female]: Question one: Which animal can fly and lays eggs?\nTom [Male]: Hmm. An animal that flies and lays eggs. Is it a bird?\nSarah [Female]: Yes, Tom, that is correct! A bird. Good job.\nTom [Male]: Yay! I got one right.\nSarah [Female]: Now, question two. This is about history. When did the first man walk on the moon?\nTom [Male]: Oh, history is hard. I think it was in 1969. Neil Armstrong.\nSarah [Female]: That\'s also correct! You are doing very well today, Tom.\nTom [Male]: Thank you, Sarah. I like this quiz.\nSarah [Female]: Me too. We can do more next week.',NULL,'LISTENING','DRAFT','Quiz — Buổi 1',11,NULL,NULL,NULL,'2026-04-19 11:07:22.522231'),(46,NULL,'4.0','2026-04-19 11:39:24.877570',NULL,'David [Male]: Hi Sarah, how was Quiz Buổi 2 for you yesterday?\nSarah [Female]: Oh, hi David! It was fun, but quite challenging. I think I did okay.\nDavid [Male]: Really? I found the history questions very difficult. Especially the one about ancient kings.\nSarah [Female]: Yes, that one was tricky! I guessed the answer. What about the science round? Did you like it?\nDavid [Male]: The science round was better for me. I knew the answer about the planets. That was easy.\nSarah [Female]: Good for you! I always struggle with science. I prefer the literature part.\nDavid [Male]: Ah, I see. My favorite part was the music round. They played some good songs.\nSarah [Female]: Oh, I missed that! I was still thinking about the history questions. Did you get a good score?\nDavid [Male]: Not bad. I got 7 out of 10. How about you?\nSarah [Female]: I got 6. So you did better than me! We should study for the next one.\nDavid [Male]: Definitely! Buổi 3 is next week. We can meet before it.\nSarah [Female]: That\'s a great idea! I will bring my notes.\nDavid [Male]: Perfect. See you then!',NULL,'LISTENING','PUBLISHED','Quiz — Buổi 2',11,'','2026-04-19 12:08:17.175666',3,'2026-04-19 12:08:17.176698'),(47,NULL,'4.5','2026-04-20 04:21:27.820197',NULL,'Sarah [Female]: Hi David. Did you try the new listening quiz online? Miss Green put it up yesterday.\nDavid [Male]: Oh, hi Sarah. Yes, I did! I finished it this morning. It was quite interesting.\nSarah [Female]: Really? I haven\'t started it yet. What was it about?\nDavid [Male]: It was about a family planning their summer holiday. They talked about different places they could go.\nSarah [Female]: Hmm, sounds useful. Were the questions difficult?\nDavid [Male]: Some were. For example, there was a question about *when* they wanted to go. The answer was in July, but they mentioned June first, then changed their mind. You really had to listen carefully.\nSarah [Female]: Ah, I see. What about the people? Were they easy to understand?\nDavid [Male]: Yes, they spoke clearly. The man had a slightly deeper voice than the woman. And their children also spoke a little.\nSarah [Female]: Okay, good to know. I usually find it hard when people speak too fast.\nDavid [Male]: This one was a good speed. There was also a question about the budget. They talked about how much money they wanted to spend.\nSarah [Female]: And what was their budget? Do you remember?\nDavid [Male]: Yes, I think they said they wanted to spend around 2000 pounds for the whole trip. They thought it was a good amount.\nSarah [Female]: Wow, that\'s a lot! I hope I can remember all these details when I do it.\nDavid [Male]: You will be fine. Just focus on the key information. I found it helpful to make notes.\nSarah [Female]: Thanks for the tips, David. I will try it after lunch.\nDavid [Male]: Good luck! Let me know what you think.',NULL,'LISTENING','PUBLISHED','Listening Quiz',11,'','2026-04-20 15:18:28.699647',3,'2026-04-20 15:18:28.702157'),(49,'https://res.cloudinary.com/decqv3ed0/video/upload/v1776698014/file_lkp4fo.mp3','4.5','2026-04-20 15:17:12.941757',NULL,'They\'re talking about running marathon, answer all questions below:','https://res.cloudinary.com/decqv3ed0/image/upload/v1776698025/file_trvwjg.jpg','LISTENING','PUBLISHED','Running marathon',3,NULL,NULL,NULL,'2026-04-20 15:17:12.942757'),(50,NULL,'4.5','2026-04-20 17:23:33.156994',NULL,'Mark [Male]: Hi Anna. Did you finish the first quiz yesterday?\nAnna [Female]: Yes, I did. It was a bit difficult for me. I used my old notebook to help.\nMark [Male]: I think I did well. I studied with my brother on Monday. He is very good at English.\nAnna [Female]: That is nice. We have the second quiz today. It is about past events.\nMark [Male]: Oh, I remember. Our teacher said it starts at 2 PM in Room 305.\nAnna [Female]: I need to go now. I want to check my notes before it begins.\nMark [Male]: Good luck, Anna. See you there.',NULL,'LISTENING','PENDING_REVIEW','Quiz — Buổi 2',11,NULL,NULL,NULL,'2026-04-20 17:23:33.156994'),(51,'https://res.cloudinary.com/decqv3ed0/video/upload/v1776754714/ai_listening_1776754712168.mp3','3.0','2026-04-21 06:59:07.485525',NULL,'David [Male]: I am going to run a marathon. \nEmily [Female]: That is great. When is the marathon? \nDavid [Male]: It is next month. \nEmily [Female]: I ran a marathon last year. \nDavid [Male]: How was it? \nEmily [Female]: It was very hard. \nDavid [Male]: I am training every day. \nEmily [Female]: You will do well.',NULL,'LISTENING','PUBLISHED','marathon',11,'','2026-04-23 06:16:12.601581',3,'2026-04-23 06:16:12.602583'),(52,NULL,'4.0','2026-04-27 13:22:33.058268',NULL,'People are worried about the environment. They want to keep the air and water clean. Many years ago, people did not think about the environment. They cut down many trees and polluted the air and water. Now, people are trying to protect the environment. They are planting trees and using clean energy. The government is also helping to protect the environment. They are making laws to stop pollution. Some people are using bicycles instead of cars. This helps to keep the air clean. Others are using bags that can be used many times. This helps to reduce waste.',NULL,'READING','PUBLISHED','Environment',3,NULL,NULL,NULL,'2026-04-27 13:22:33.058268'),(53,NULL,'5.0','2026-04-27 13:22:52.614947',NULL,'The environment has been affected by human activities for centuries. Many species have been extinct because of pollution and deforestation. However, some countries have been working to protect the environment by creating national parks and wildlife reserves. These protected areas have been helping to preserve biodiversity and reduce the effects of climate change. In addition, many people have been reducing their carbon footprint by using public transport, recycling, and using renewable energy sources. The government has also been playing a crucial role in protecting the environment by implementing laws and regulations to control pollution and protect natural resources. As a result, the air and water quality have been improving in some areas, and the number of endangered species has been decreasing. Nevertheless, there is still much work to be done to protect the environment, and individuals, organizations, and governments must continue to work together to address environmental issues. The effects of climate change have been felt all over the world, and it is essential that we take action now to reduce our impact on the environment. By working together, we can make a difference and create a more sustainable future for generations to come.',NULL,'READING','PUBLISHED','Environment',3,NULL,NULL,NULL,'2026-04-27 13:22:52.614947'),(54,'https://res.cloudinary.com/decqv3ed0/video/upload/v1777296210/ai_listening_1777296207346.mp3','5.0','2026-04-27 13:23:56.467300',NULL,'Robert [Male]: Hello Sarah. Today, we\'re going to talk about technology. Sarah [Female]: Hi Robert. I\'ve been reading about how technology has changed our lives. Robert [Male]: Yes, it has. Many devices have been invented, which have made our lives easier. For example, smartphones, which have been used by people all over the world, have made communication easier. Sarah [Female]: That\'s true. People have been using smartphones for many years now. In fact, most people have been using them to access the internet, which has been available since the 1990s. Robert [Male]: Exactly. The internet, which was invented by Tim Berners-Lee, has been used by people to get information, communicate with others, and even shop online. Sarah [Female]: Yes, and it\'s also been used by companies to advertise their products. Many companies have been using social media platforms, such as Facebook and Twitter, to reach their customers. Robert [Male]: That\'s right. Social media platforms, which have been used by millions of people, have become an important part of our lives. We\'ve been using them to connect with our friends and family, and even to get news updates. Sarah [Female]: Absolutely. And with the help of technology, we\'ve also been able to make online payments, which have made transactions easier. Robert [Male]: Yes, and it\'s all because of the technology that has been developed over the years. Many experts have been working on new technologies, such as artificial intelligence and blockchain, which will change our lives even more in the future. Sarah [Female]: That\'s exciting. I\'m looking forward to seeing what the future holds. Robert [Male]: Me too. It\'s going to be interesting to see how technology will continue to shape our lives.',NULL,'LISTENING','PUBLISHED','Technology',3,NULL,NULL,NULL,'2026-04-27 13:23:56.467300');
/*!40000 ALTER TABLE `question_group` ENABLE KEYS */;
UNLOCK TABLES;

--
-- Table structure for table `quiz`
--

DROP TABLE IF EXISTS `quiz`;
/*!40101 SET @saved_cs_client     = @@character_set_client */;
/*!50503 SET character_set_client = utf8mb4 */;
CREATE TABLE `quiz` (
  `quiz_id` int NOT NULL AUTO_INCREMENT,
  `course_id` int DEFAULT NULL,
  `user_id` int DEFAULT NULL,
  `class_id` int DEFAULT NULL,
  `quiz_category` varchar(50) DEFAULT NULL,
  `created_at` datetime(6) DEFAULT NULL,
  `description` text,
  `max_attempts` int DEFAULT NULL,
  `pass_score` decimal(5,2) DEFAULT NULL,
  `question_order` varchar(10) DEFAULT NULL,
  `show_answer_after_submit` bit(1) DEFAULT NULL,
  `status` varchar(20) DEFAULT NULL,
  `time_limit_minutes` int DEFAULT NULL,
  `title` varchar(255) DEFAULT NULL,
  `updated_at` datetime(6) DEFAULT NULL,
  `number_of_questions` int DEFAULT NULL,
  `is_open` bit(1) DEFAULT NULL,
  `lesson_id` int DEFAULT NULL,
  `module_id` int DEFAULT NULL,
  `is_hybrid_enabled` bit(1) DEFAULT NULL,
  `target_skill` varchar(20) DEFAULT NULL,
  `is_sequential` bit(1) DEFAULT NULL,
  `skill_order` json DEFAULT NULL,
  `time_limit_per_skill` json DEFAULT NULL,
  `speaking_time_limit_seconds` int DEFAULT NULL,
  `close_at` datetime(6) DEFAULT NULL,
  `deadline` datetime(6) DEFAULT NULL,
  `open_at` datetime(6) DEFAULT NULL,
  `allow_external_submission` bit(1) DEFAULT NULL,
  `external_submission_instruction` text,
  PRIMARY KEY (`quiz_id`),
  KEY `course_id` (`course_id`),
  KEY `user_id` (`user_id`),
  KEY `class_id` (`class_id`),
  KEY `FKi10d7n4lf738sm3mon21aubik` (`lesson_id`),
  KEY `FKd3pi74lbnexp6xjb3595p9088` (`module_id`),
  CONSTRAINT `FKd3pi74lbnexp6xjb3595p9088` FOREIGN KEY (`module_id`) REFERENCES `module` (`module_id`),
  CONSTRAINT `FKi10d7n4lf738sm3mon21aubik` FOREIGN KEY (`lesson_id`) REFERENCES `lesson` (`lesson_id`),
  CONSTRAINT `quiz_ibfk_1` FOREIGN KEY (`course_id`) REFERENCES `course` (`course_id`),
  CONSTRAINT `quiz_ibfk_2` FOREIGN KEY (`user_id`) REFERENCES `user` (`user_id`),
  CONSTRAINT `quiz_ibfk_3` FOREIGN KEY (`class_id`) REFERENCES `class` (`class_id`)
) ENGINE=InnoDB AUTO_INCREMENT=92 DEFAULT CHARSET=utf8mb4 COLLATE=utf8mb4_0900_ai_ci;
/*!40101 SET character_set_client = @saved_cs_client */;

--
-- Dumping data for table `quiz`
--

LOCK TABLES `quiz` WRITE;
/*!40000 ALTER TABLE `quiz` DISABLE KEYS */;
INSERT INTO `quiz` VALUES (1,1,3,NULL,'COURSE_QUIZ',NULL,NULL,2,70.00,NULL,NULL,'PUBLISHED',30,'IELTS Reading Practice 1','2026-04-19 06:28:04.702764',NULL,_binary '',NULL,NULL,NULL,NULL,NULL,NULL,NULL,NULL,NULL,NULL,NULL,NULL,NULL),(2,NULL,7,NULL,'ENTRY_TEST',NULL,NULL,1,50.00,NULL,NULL,'PUBLISHED',45,'TOEIC Diagnostic Test',NULL,NULL,_binary '',NULL,NULL,NULL,NULL,NULL,NULL,NULL,NULL,NULL,NULL,NULL,NULL,NULL),(3,2,4,NULL,'COURSE_QUIZ',NULL,NULL,1,60.00,NULL,NULL,'PUBLISHED',15,'IELTS Speaking Diagnostic 1',NULL,NULL,_binary '',NULL,NULL,NULL,NULL,NULL,NULL,NULL,NULL,NULL,NULL,NULL,NULL,NULL),(4,3,7,NULL,'COURSE_QUIZ',NULL,NULL,3,80.00,NULL,NULL,'PUBLISHED',10,'TOEIC Vocabulary Quiz 1',NULL,NULL,_binary '',NULL,NULL,NULL,NULL,NULL,NULL,NULL,NULL,NULL,NULL,NULL,NULL,NULL),(5,4,5,NULL,'COURSE_QUIZ',NULL,NULL,2,75.00,NULL,NULL,'PUBLISHED',25,'SAT Math Foundations Quiz',NULL,NULL,_binary '',NULL,NULL,NULL,NULL,NULL,NULL,NULL,NULL,NULL,NULL,NULL,NULL,NULL),(6,6,6,NULL,'COURSE_QUIZ',NULL,NULL,5,90.00,NULL,NULL,'PUBLISHED',10,'Phrasal Verbs Expert Quiz',NULL,NULL,_binary '',NULL,NULL,NULL,NULL,NULL,NULL,NULL,NULL,NULL,NULL,NULL,NULL,NULL),(7,1,11,1,'COURSE_QUIZ','2026-04-17 16:34:05.258349','best quiz',3,70.00,'FIXED',_binary '\0','DRAFT',NULL,'Quiz — Buổi 15','2026-04-17 16:34:05.258349',NULL,_binary '\0',NULL,NULL,_binary '\0',NULL,NULL,NULL,NULL,NULL,NULL,NULL,NULL,NULL,NULL),(8,1,11,1,'COURSE_QUIZ','2026-04-17 18:00:03.142556','123',3,70.00,'FIXED',_binary '\0','DRAFT',NULL,'Quiz — Buổi 1','2026-04-17 18:00:03.142556',NULL,_binary '\0',NULL,NULL,_binary '\0',NULL,NULL,NULL,NULL,NULL,NULL,NULL,NULL,NULL,NULL),(9,1,11,1,'COURSE_QUIZ','2026-04-18 01:24:57.691801','123',3,70.00,'FIXED',_binary '\0','DRAFT',NULL,'Quiz — Buổi 2','2026-04-18 01:24:57.691801',NULL,_binary '\0',NULL,NULL,_binary '\0',NULL,NULL,NULL,NULL,NULL,NULL,NULL,NULL,NULL,NULL),(10,1,11,1,'COURSE_QUIZ','2026-04-18 01:42:20.725728','',3,70.00,'FIXED',_binary '\0','DRAFT',NULL,'Q','2026-04-18 01:42:20.725728',NULL,_binary '\0',NULL,NULL,_binary '\0',NULL,NULL,NULL,NULL,NULL,NULL,NULL,NULL,NULL,NULL),(11,1,11,1,'COURSE_QUIZ','2026-04-18 01:42:36.484198','',3,70.00,'FIXED',_binary '\0','DRAFT',NULL,'Q','2026-04-18 01:42:36.484198',NULL,_binary '\0',NULL,NULL,_binary '\0',NULL,NULL,NULL,NULL,NULL,NULL,NULL,NULL,NULL,NULL),(12,1,11,1,'COURSE_QUIZ','2026-04-18 01:43:20.409635','',3,110.00,'FIXED',_binary '\0','DRAFT',NULL,'Q','2026-04-18 01:43:20.409635',NULL,_binary '\0',NULL,NULL,_binary '\0',NULL,NULL,NULL,NULL,NULL,NULL,NULL,NULL,NULL,NULL),(13,1,11,1,'COURSE_QUIZ','2026-04-18 01:50:55.058999','123',3,100.00,'FIXED',_binary '\0','DRAFT',100000000,'Quiz — Buổi 1','2026-04-18 01:50:55.058999',NULL,_binary '\0',NULL,NULL,_binary '\0',NULL,NULL,NULL,NULL,NULL,NULL,NULL,NULL,NULL,NULL),(14,1,11,1,'COURSE_QUIZ','2026-04-18 02:27:03.432193','123',2,100.00,'FIXED',_binary '\0','DRAFT',10,'Quiz — Buổi 1','2026-04-18 02:27:03.432193',NULL,_binary '\0',NULL,NULL,_binary '\0',NULL,NULL,NULL,NULL,NULL,NULL,NULL,NULL,NULL,NULL),(15,1,11,1,'COURSE_QUIZ','2026-04-18 02:27:07.742379','123',11111,100.00,'FIXED',_binary '\0','DRAFT',10,'Quiz — Buổi 1','2026-04-18 02:27:07.742379',NULL,_binary '\0',NULL,NULL,_binary '\0',NULL,NULL,NULL,NULL,NULL,NULL,NULL,NULL,NULL,NULL),(16,1,11,1,'COURSE_QUIZ','2026-04-18 02:42:09.722017','123',3,70.00,'FIXED',_binary '\0','DRAFT',NULL,'Quiz — Buổi 1','2026-04-18 02:42:09.722017',NULL,_binary '\0',NULL,NULL,_binary '\0',NULL,NULL,NULL,NULL,NULL,NULL,NULL,NULL,NULL,NULL),(17,1,11,1,'COURSE_QUIZ','2026-04-18 02:49:46.375052','123',3,70.00,'FIXED',_binary '\0','DRAFT',NULL,'Quiz — Buổi 1','2026-04-18 02:49:46.375052',NULL,_binary '\0',NULL,NULL,_binary '\0',NULL,NULL,NULL,NULL,NULL,NULL,NULL,NULL,NULL,NULL),(18,1,11,1,'COURSE_QUIZ','2026-04-18 03:23:13.181658','1123',3,70.00,'FIXED',_binary '\0','DRAFT',NULL,'Quiz — Buổi 4','2026-04-18 03:23:13.181658',NULL,_binary '\0',NULL,NULL,_binary '\0',NULL,NULL,NULL,NULL,NULL,NULL,NULL,NULL,NULL,NULL),(19,1,11,1,'COURSE_QUIZ','2026-04-18 03:28:06.291744','123',3,70.00,'FIXED',_binary '\0','DRAFT',50,'Quiz — Buổi 1','2026-04-18 03:28:06.291744',NULL,_binary '\0',NULL,NULL,_binary '\0',NULL,NULL,NULL,NULL,NULL,NULL,NULL,NULL,NULL,NULL),(20,1,11,1,'COURSE_QUIZ','2026-04-18 04:05:31.023732','123',3,70.00,'FIXED',_binary '\0','DRAFT',NULL,'Quiz — Buổi 14','2026-04-18 04:05:31.023732',NULL,_binary '\0',NULL,NULL,_binary '\0',NULL,NULL,NULL,NULL,NULL,NULL,NULL,NULL,NULL,NULL),(21,1,11,1,'COURSE_QUIZ','2026-04-18 04:18:12.654833','123',3,70.00,'FIXED',_binary '\0','DRAFT',NULL,'Quiz — Buổi 11123','2026-04-18 04:18:12.654833',NULL,_binary '\0',NULL,NULL,_binary '\0',NULL,NULL,NULL,NULL,NULL,NULL,NULL,NULL,NULL,NULL),(22,1,11,1,'COURSE_QUIZ','2026-04-18 04:57:20.630981','123',3,70.00,'FIXED',_binary '\0','DRAFT',NULL,'Từ vựng mới','2026-04-18 04:57:20.630981',NULL,_binary '\0',NULL,NULL,_binary '\0',NULL,NULL,NULL,NULL,NULL,NULL,NULL,NULL,NULL,NULL),(23,1,11,1,'COURSE_QUIZ','2026-04-18 04:58:02.073225','123',3,80.00,'FIXED',_binary '\0','DRAFT',NULL,'Từ vựng 2','2026-04-18 04:58:02.073225',NULL,_binary '\0',NULL,NULL,_binary '\0',NULL,NULL,NULL,NULL,NULL,NULL,NULL,NULL,NULL,NULL),(24,1,11,1,'COURSE_QUIZ','2026-04-18 06:03:03.048964','123',3,70.00,'FIXED',_binary '\0','PUBLISHED',30,'Quiz từ vựng mới','2026-04-19 10:20:47.046269',NULL,_binary '\0',NULL,NULL,_binary '\0',NULL,NULL,NULL,NULL,NULL,NULL,NULL,NULL,NULL,NULL),(25,1,11,1,'COURSE_ASSIGNMENT','2026-04-18 07:43:26.784735','',1,50.00,'FIXED',_binary '\0','DRAFT',75,'Assignment 1','2026-04-18 07:43:26.784735',NULL,_binary '\0',NULL,NULL,_binary '\0',NULL,_binary '','[\"READING\", \"WRITING\"]','{\"READING\": 45, \"WRITING\": 30}',NULL,NULL,'2026-08-25 07:35:00.000000',NULL,NULL,NULL),(26,1,11,1,'COURSE_ASSIGNMENT','2026-04-18 08:33:18.246260','123',1,50.00,'FIXED',_binary '\0','DRAFT',30,'Assignment 1','2026-04-18 08:33:18.246260',NULL,_binary '\0',NULL,NULL,_binary '\0',NULL,_binary '','[\"WRITING\"]','{\"WRITING\": 30}',NULL,NULL,'2026-04-19 08:27:00.000000',NULL,_binary '\0',''),(46,1,3,NULL,'COURSE_ASSIGNMENT','2026-04-18 15:15:27.929360','123',3,70.00,'RANDOM',_binary '\0','PUBLISHED',60,'Assignment 2','2026-04-20 17:01:56.933819',NULL,_binary '',NULL,1,_binary '\0',NULL,_binary '','[\"LISTENING\", \"READING\", \"SPEAKING\", \"WRITING\"]','{\"READING\": 15, \"WRITING\": 15, \"SPEAKING\": 15, \"LISTENING\": 15}',NULL,NULL,NULL,NULL,NULL,NULL),(47,1,3,NULL,'COURSE_ASSIGNMENT','2026-04-18 20:24:12.407461','123',1,70.00,'RANDOM',_binary '\0','DRAFT',60,'Assignment 3','2026-04-18 20:24:12.407461',NULL,_binary '\0',NULL,NULL,_binary '\0',NULL,_binary '','[\"LISTENING\", \"READING\", \"SPEAKING\", \"WRITING\"]','{\"READING\": 15, \"WRITING\": 15, \"SPEAKING\": 15, \"LISTENING\": 15}',NULL,NULL,NULL,NULL,NULL,NULL),(48,NULL,3,NULL,'COURSE_ASSIGNMENT','2026-04-18 20:27:42.045202','123',1,70.00,'RANDOM',_binary '\0','PUBLISHED',60,'Assignment 3','2026-04-18 20:39:44.303749',NULL,_binary '\0',NULL,NULL,_binary '\0',NULL,_binary '','[\"LISTENING\", \"READING\", \"SPEAKING\", \"WRITING\"]','{\"READING\": 15, \"WRITING\": 15, \"SPEAKING\": 15, \"LISTENING\": 15}',NULL,NULL,NULL,NULL,NULL,NULL),(49,1,3,NULL,'COURSE_ASSIGNMENT','2026-04-19 04:04:15.608417','123',1,70.00,'FIXED',_binary '\0','PUBLISHED',30,'Assignment 3','2026-04-21 05:07:44.165408',NULL,_binary '\0',1,1,_binary '\0',NULL,_binary '','[\"LISTENING\", \"READING\", \"SPEAKING\", \"WRITING\"]','{\"READING\": 15, \"WRITING\": 15, \"SPEAKING\": 15, \"LISTENING\": 15}',NULL,NULL,NULL,NULL,NULL,NULL),(50,1,3,NULL,'COURSE_ASSIGNMENT','2026-04-19 04:20:11.540044','123',1,70.00,'RANDOM',_binary '\0','PUBLISHED',30,'Assignment 3','2026-04-21 05:35:46.967502',NULL,_binary '\0',13,1,_binary '\0',NULL,_binary '','[\"LISTENING\", \"READING\", \"SPEAKING\", \"WRITING\"]','{\"READING\": 15, \"WRITING\": 15, \"SPEAKING\": 15, \"LISTENING\": 15}',NULL,NULL,NULL,NULL,NULL,NULL),(51,1,11,1,'COURSE_QUIZ','2026-04-19 05:15:01.929460','123',3,70.00,'FIXED',_binary '','DRAFT',NULL,'Quiz — Buổi 1','2026-04-19 05:15:01.929460',NULL,_binary '\0',NULL,NULL,_binary '\0',NULL,_binary '\0',NULL,NULL,NULL,NULL,NULL,NULL,_binary '\0',NULL),(52,1,3,NULL,'COURSE_ASSIGNMENT','2026-04-19 05:36:21.508271','123',1,70.00,'FIXED',_binary '\0','DRAFT',60,'Assignment 4 ','2026-04-19 05:36:21.508271',NULL,_binary '\0',NULL,NULL,_binary '\0',NULL,_binary '','[\"LISTENING\", \"READING\", \"SPEAKING\", \"WRITING\"]','{\"READING\": 15, \"WRITING\": 15, \"SPEAKING\": 15, \"LISTENING\": 15}',NULL,NULL,NULL,NULL,NULL,NULL),(53,1,11,1,'COURSE_QUIZ','2026-04-19 10:13:53.092376','',3,70.00,'FIXED',_binary '','DRAFT',NULL,'Quiz — Buổi 1','2026-04-19 10:13:53.092376',NULL,_binary '\0',NULL,NULL,_binary '\0',NULL,_binary '\0',NULL,NULL,NULL,NULL,NULL,NULL,_binary '\0',NULL),(54,1,11,1,'COURSE_QUIZ','2026-04-19 10:13:58.414690','123',3,70.00,'FIXED',_binary '','DRAFT',NULL,'Quiz — Buổi 1','2026-04-19 10:13:58.414690',NULL,_binary '\0',NULL,NULL,_binary '\0',NULL,_binary '\0',NULL,NULL,NULL,NULL,NULL,NULL,_binary '\0',NULL),(55,1,11,1,'COURSE_QUIZ','2026-04-19 10:21:21.060860','',3,70.00,'FIXED',_binary '','DRAFT',NULL,'Quiz — Buổi 2','2026-04-19 10:21:21.060860',NULL,_binary '\0',NULL,NULL,_binary '\0',NULL,_binary '\0',NULL,NULL,NULL,NULL,NULL,NULL,_binary '\0',NULL),(56,1,11,1,'COURSE_QUIZ','2026-04-19 10:27:26.362011','quiz mới',3,70.00,'FIXED',_binary '','DRAFT',NULL,'Quiz — Buổi 2','2026-04-19 10:27:26.362011',NULL,_binary '\0',NULL,NULL,_binary '\0',NULL,_binary '\0',NULL,NULL,NULL,NULL,NULL,NULL,_binary '\0',NULL),(57,1,11,1,'COURSE_QUIZ','2026-04-19 10:37:22.284700','123',3,70.00,'FIXED',_binary '','DRAFT',NULL,'Quiz — Buổi 1','2026-04-19 10:37:22.284700',NULL,_binary '\0',NULL,NULL,_binary '\0',NULL,_binary '\0',NULL,NULL,NULL,NULL,NULL,NULL,_binary '\0',NULL),(58,1,11,1,'COURSE_QUIZ','2026-04-19 11:38:24.884385','123',3,70.00,'FIXED',_binary '','PUBLISHED',30,'Quiz — Buổi 2','2026-04-19 11:39:46.965852',NULL,_binary '\0',NULL,NULL,_binary '\0',NULL,_binary '\0',NULL,NULL,NULL,NULL,NULL,NULL,_binary '\0',NULL),(59,1,11,1,'COURSE_QUIZ','2026-04-19 11:49:25.765391','123',3,70.00,'FIXED',_binary '','PUBLISHED',30,'Quiz — Buổi 2','2026-04-19 11:50:05.489518',NULL,_binary '\0',NULL,NULL,_binary '\0',NULL,_binary '\0',NULL,NULL,NULL,NULL,NULL,NULL,_binary '\0',NULL),(60,1,11,1,'COURSE_QUIZ','2026-04-20 04:15:52.472712','Quizz listening',3,70.00,'FIXED',_binary '','DRAFT',20,'Listening Quiz','2026-04-20 04:15:52.472712',NULL,_binary '\0',NULL,NULL,_binary '\0',NULL,_binary '\0',NULL,NULL,NULL,NULL,NULL,NULL,_binary '\0',NULL),(61,1,11,1,'COURSE_QUIZ','2026-04-20 04:30:21.334550','123',1,70.00,'FIXED',_binary '','DRAFT',NULL,'Smoking is bad','2026-04-20 04:30:21.334550',NULL,_binary '\0',NULL,NULL,_binary '\0',NULL,_binary '\0',NULL,NULL,NULL,NULL,NULL,NULL,_binary '\0',NULL),(62,1,11,1,'COURSE_QUIZ','2026-04-20 15:17:57.099813','',3,70.00,'FIXED',_binary '','PUBLISHED',30,'Quiz — Buổi 2','2026-04-20 15:18:54.004338',NULL,_binary '\0',NULL,NULL,_binary '\0',NULL,_binary '\0',NULL,NULL,NULL,NULL,NULL,NULL,_binary '\0',NULL),(63,1,11,1,'COURSE_QUIZ','2026-04-20 17:16:44.128849','123',3,70.00,'FIXED',_binary '','DRAFT',NULL,'Quiz — Buổi 2','2026-04-20 17:16:44.128849',NULL,_binary '\0',NULL,NULL,_binary '\0',NULL,_binary '\0',NULL,NULL,NULL,NULL,NULL,NULL,_binary '\0',NULL),(64,1,11,1,'COURSE_QUIZ','2026-04-20 17:22:11.863311','123',3,70.00,'FIXED',_binary '','DRAFT',NULL,'Quiz — Buổi 2','2026-04-20 17:22:11.863311',NULL,_binary '\0',NULL,NULL,_binary '\0',NULL,_binary '\0',NULL,NULL,NULL,NULL,NULL,NULL,_binary '\0',NULL),(65,1,11,1,'COURSE_QUIZ','2026-04-20 17:26:30.894550','123',3,70.00,'FIXED',_binary '','PUBLISHED',30,'Quiz — Buổi 2','2026-04-20 17:33:59.329269',NULL,_binary '\0',NULL,NULL,_binary '\0',NULL,_binary '\0',NULL,NULL,NULL,NULL,NULL,NULL,_binary '\0',NULL),(66,1,11,1,'COURSE_QUIZ','2026-04-21 03:09:29.910838','123',3,70.00,'FIXED',_binary '','DRAFT',NULL,'Quiz — Buổi 1','2026-04-21 03:09:29.910838',NULL,_binary '\0',NULL,NULL,_binary '\0',NULL,_binary '\0',NULL,NULL,NULL,NULL,NULL,NULL,_binary '\0',NULL),(67,1,11,1,'COURSE_QUIZ','2026-04-21 06:12:01.363355','123',3,70.00,'FIXED',_binary '','DRAFT',NULL,'Quiz — Buổi 1','2026-04-21 06:12:01.363355',NULL,_binary '\0',NULL,NULL,_binary '\0',NULL,_binary '\0',NULL,NULL,NULL,NULL,NULL,NULL,_binary '\0',NULL),(68,1,11,1,'COURSE_QUIZ','2026-04-21 06:18:26.294648','123123',3,70.00,'FIXED',_binary '','DRAFT',NULL,'Quiz — Buổi 3','2026-04-21 06:18:26.294648',NULL,_binary '\0',NULL,NULL,_binary '\0',NULL,_binary '\0',NULL,NULL,NULL,NULL,NULL,NULL,_binary '\0',NULL),(69,1,11,1,'COURSE_QUIZ','2026-04-21 06:20:15.681150','123',3,70.00,'FIXED',_binary '','DRAFT',NULL,'Quiz — Buổi 3','2026-04-21 06:20:15.681150',NULL,_binary '\0',NULL,NULL,_binary '\0',NULL,_binary '\0',NULL,NULL,NULL,NULL,NULL,NULL,_binary '\0',NULL),(70,1,11,1,'COURSE_QUIZ','2026-04-21 06:22:30.812315','',3,70.00,'FIXED',_binary '','DRAFT',NULL,'Quiz — Buổi 3','2026-04-21 06:22:30.812315',NULL,_binary '\0',NULL,NULL,_binary '\0',NULL,_binary '\0',NULL,NULL,NULL,NULL,NULL,NULL,_binary '\0',NULL),(71,1,3,NULL,'COURSE_ASSIGNMENT','2026-04-21 06:31:29.817536','123',1,70.00,'RANDOM',_binary '\0','PUBLISHED',60,'123','2026-04-21 06:31:48.235916',NULL,_binary '',NULL,1,_binary '\0',NULL,_binary '','[\"LISTENING\", \"READING\", \"SPEAKING\", \"WRITING\"]','{\"READING\": 15, \"WRITING\": 15, \"SPEAKING\": 15, \"LISTENING\": 15}',NULL,NULL,NULL,NULL,NULL,NULL),(72,1,11,1,'COURSE_QUIZ','2026-04-21 06:37:55.444220','123',3,70.00,'FIXED',_binary '','DRAFT',NULL,'Quiz — Buổi 3','2026-04-21 06:37:55.444220',NULL,_binary '\0',NULL,NULL,_binary '\0',NULL,_binary '\0',NULL,NULL,NULL,NULL,NULL,NULL,_binary '\0',NULL),(73,1,11,1,'COURSE_QUIZ','2026-04-21 06:45:09.658908','123',3,70.00,'FIXED',_binary '','DRAFT',NULL,'Quiz — Buổi 3','2026-04-21 06:45:09.658908',NULL,_binary '\0',NULL,NULL,_binary '\0',NULL,_binary '\0',NULL,NULL,NULL,NULL,NULL,NULL,_binary '\0',NULL),(74,1,11,1,'COURSE_QUIZ','2026-04-21 06:49:34.580867','123',3,70.00,'FIXED',_binary '','DRAFT',NULL,'Quiz — Buổi 3','2026-04-21 06:49:34.580867',NULL,_binary '\0',NULL,NULL,_binary '\0',NULL,_binary '\0',NULL,NULL,NULL,NULL,NULL,NULL,_binary '\0',NULL),(75,1,11,1,'COURSE_QUIZ','2026-04-21 06:55:07.644587','123',3,70.00,'FIXED',_binary '','DRAFT',NULL,'Quiz — Buổi 2','2026-04-21 06:55:07.644587',NULL,_binary '\0',NULL,NULL,_binary '\0',NULL,_binary '\0',NULL,NULL,NULL,NULL,NULL,NULL,_binary '\0',NULL),(76,1,11,1,'COURSE_QUIZ','2026-04-21 06:57:10.730362','123',3,70.00,'FIXED',_binary '','DRAFT',NULL,'Quiz — Buổi 3','2026-04-21 06:57:10.730362',NULL,_binary '\0',NULL,NULL,_binary '\0',NULL,_binary '\0',NULL,NULL,NULL,NULL,NULL,NULL,_binary '\0',NULL),(77,1,11,1,'COURSE_QUIZ','2026-04-21 06:58:21.335035','123',3,70.00,'FIXED',_binary '','PUBLISHED',30,'Quiz — Buổi 2','2026-04-21 10:35:15.244605',NULL,_binary '\0',NULL,NULL,_binary '\0',NULL,_binary '\0',NULL,NULL,NULL,NULL,NULL,NULL,_binary '\0',NULL),(78,1,3,NULL,'COURSE_ASSIGNMENT','2026-04-21 18:23:34.060063','1231231123',3,70.00,'RANDOM',_binary '\0','DRAFT',60,'Assignment 2','2026-04-21 18:23:34.060063',NULL,_binary '\0',1,1,_binary '\0',NULL,_binary '','[\"LISTENING\", \"READING\", \"SPEAKING\", \"WRITING\"]','{\"READING\": 15, \"WRITING\": 15, \"SPEAKING\": 15, \"LISTENING\": 15}',NULL,NULL,NULL,NULL,NULL,NULL),(79,1,3,NULL,'COURSE_ASSIGNMENT','2026-04-21 18:31:21.989102','123123',3,70.00,'RANDOM',_binary '\0','DRAFT',60,'Assignment 4','2026-04-21 18:31:21.989102',NULL,_binary '\0',1,1,_binary '\0',NULL,_binary '','[\"LISTENING\", \"READING\", \"SPEAKING\", \"WRITING\"]','{\"READING\": 15, \"WRITING\": 15, \"SPEAKING\": 15, \"LISTENING\": 15}',NULL,NULL,NULL,NULL,NULL,NULL),(80,1,3,NULL,'COURSE_ASSIGNMENT','2026-04-21 18:35:14.940549','123123',3,70.00,'RANDOM',_binary '\0','DRAFT',60,'Assignment 4','2026-04-21 18:35:14.940549',NULL,_binary '\0',1,1,_binary '\0',NULL,_binary '','[\"LISTENING\", \"READING\", \"SPEAKING\", \"WRITING\"]','{\"READING\": 15, \"WRITING\": 15, \"SPEAKING\": 15, \"LISTENING\": 15}',NULL,NULL,NULL,NULL,NULL,NULL),(81,1,3,NULL,'COURSE_ASSIGNMENT','2026-04-21 18:41:48.293359','123',2,70.00,'RANDOM',_binary '\0','PUBLISHED',60,'Assignment 5','2026-04-21 18:45:04.386998',NULL,_binary '',3,1,_binary '\0',NULL,_binary '','[\"LISTENING\", \"READING\", \"SPEAKING\", \"WRITING\"]','{\"READING\": 15, \"WRITING\": 15, \"SPEAKING\": 15, \"LISTENING\": 15}',NULL,NULL,NULL,NULL,NULL,NULL),(82,1,3,NULL,'COURSE_ASSIGNMENT','2026-04-22 13:23:24.955963','123123',2,70.00,'RANDOM',_binary '\0','PUBLISHED',70,'Assignment 4','2026-04-22 13:24:27.101080',NULL,_binary '',1,1,_binary '\0',NULL,_binary '','[\"LISTENING\", \"READING\", \"SPEAKING\", \"WRITING\"]','{\"READING\": 15, \"WRITING\": 15, \"SPEAKING\": 15, \"LISTENING\": 15}',NULL,NULL,NULL,NULL,NULL,NULL),(83,1,11,1,'COURSE_QUIZ','2026-04-22 15:32:05.834618','',3,70.00,'FIXED',_binary '','DRAFT',NULL,'Quiz — Buổi 1','2026-04-22 15:32:05.834618',NULL,_binary '\0',NULL,NULL,_binary '\0',NULL,_binary '\0',NULL,NULL,NULL,NULL,NULL,NULL,_binary '\0',NULL),(84,1,11,1,'COURSE_QUIZ','2026-04-27 07:26:27.834725','123',3,70.00,'FIXED',_binary '','DRAFT',15,'Quiz — Buổi 3','2026-04-27 07:26:27.834725',NULL,_binary '\0',NULL,NULL,_binary '\0',NULL,_binary '\0',NULL,NULL,NULL,NULL,NULL,NULL,_binary '\0',NULL),(85,1,3,NULL,'COURSE_ASSIGNMENT','2026-04-27 09:13:33.250141','123ádad',1,80.00,'RANDOM',_binary '\0','DRAFT',60,'Assignment 9','2026-04-27 09:13:33.250141',NULL,_binary '\0',1,1,_binary '\0',NULL,_binary '','[\"LISTENING\", \"READING\", \"SPEAKING\", \"WRITING\"]','{\"READING\": 15, \"WRITING\": 15, \"SPEAKING\": 15, \"LISTENING\": 15}',NULL,NULL,NULL,NULL,NULL,NULL),(86,1,3,NULL,'COURSE_ASSIGNMENT','2026-04-27 09:23:09.805851','123',1,70.00,'RANDOM',_binary '\0','DRAFT',60,'Assignment 1','2026-04-27 09:23:09.805851',NULL,_binary '\0',3,2,_binary '\0',NULL,_binary '','[\"LISTENING\", \"READING\", \"SPEAKING\", \"WRITING\"]','{\"READING\": 15, \"WRITING\": 15, \"SPEAKING\": 15, \"LISTENING\": 15}',NULL,NULL,NULL,NULL,NULL,NULL),(87,1,3,NULL,'COURSE_ASSIGNMENT','2026-04-27 12:33:50.551537','123',2,70.00,'RANDOM',_binary '\0','DRAFT',60,'Assignment 6','2026-04-27 12:33:50.551537',NULL,_binary '\0',1,1,_binary '\0',NULL,_binary '','[\"LISTENING\", \"READING\", \"SPEAKING\", \"WRITING\"]','{\"READING\": 15, \"WRITING\": 15, \"SPEAKING\": 15, \"LISTENING\": 15}',NULL,NULL,NULL,NULL,NULL,NULL),(88,1,3,NULL,'COURSE_ASSIGNMENT','2026-04-27 12:39:58.639100','123',1,70.00,'RANDOM',_binary '\0','DRAFT',60,'Bai tap cuoi ','2026-04-27 12:39:58.639100',NULL,_binary '\0',1,1,_binary '\0',NULL,_binary '','[\"LISTENING\", \"READING\", \"SPEAKING\", \"WRITING\"]','{\"READING\": 15, \"WRITING\": 15, \"SPEAKING\": 15, \"LISTENING\": 15}',NULL,NULL,NULL,NULL,NULL,NULL),(89,1,3,NULL,'COURSE_ASSIGNMENT','2026-04-27 12:43:29.153010','123',2,70.00,'RANDOM',_binary '\0','DRAFT',60,'Assignment 8','2026-04-27 12:43:29.153010',NULL,_binary '\0',1,1,_binary '\0',NULL,_binary '','[\"LISTENING\", \"READING\", \"SPEAKING\", \"WRITING\"]','{\"READING\": 15, \"WRITING\": 15, \"SPEAKING\": 15, \"LISTENING\": 15}',NULL,NULL,NULL,NULL,NULL,NULL),(90,1,3,NULL,'COURSE_ASSIGNMENT','2026-04-27 13:08:16.321987','141',2,80.00,'RANDOM',_binary '\0','PUBLISHED',60,'Assignment 10','2026-04-27 13:24:35.645606',NULL,_binary '',1,1,_binary '\0',NULL,_binary '','[\"LISTENING\", \"READING\", \"SPEAKING\", \"WRITING\"]','{\"READING\": 15, \"WRITING\": 15, \"SPEAKING\": 15, \"LISTENING\": 15}',NULL,NULL,NULL,NULL,NULL,NULL),(91,1,3,NULL,'COURSE_ASSIGNMENT','2026-04-27 15:31:45.380232','123123',1,70.00,'RANDOM',_binary '\0','PUBLISHED',60,'Assignment 11','2026-04-27 15:37:46.347932',NULL,_binary '',1,1,_binary '\0',NULL,_binary '','[\"LISTENING\", \"READING\", \"SPEAKING\", \"WRITING\"]','{\"READING\": 15, \"WRITING\": 15, \"SPEAKING\": 15, \"LISTENING\": 15}',NULL,NULL,NULL,NULL,NULL,NULL);
/*!40000 ALTER TABLE `quiz` ENABLE KEYS */;
UNLOCK TABLES;

--
-- Table structure for table `quiz_answer`
--

DROP TABLE IF EXISTS `quiz_answer`;
/*!40101 SET @saved_cs_client     = @@character_set_client */;
/*!50503 SET character_set_client = utf8mb4 */;
CREATE TABLE `quiz_answer` (
  `answer_id` int NOT NULL AUTO_INCREMENT,
  `result_id` int NOT NULL,
  `question_id` int NOT NULL,
  `answered_options` text,
  `is_correct` bit(1) DEFAULT NULL,
  `ai_feedback` text,
  `ai_rubric_json` text,
  `ai_score` varchar(255) DEFAULT NULL,
  `pending_ai_review` bit(1) DEFAULT NULL,
  `points_awarded` decimal(5,2) DEFAULT NULL,
  `teacher_note` text,
  `ai_grading_status` varchar(20) DEFAULT NULL,
  `audio_url` varchar(255) DEFAULT NULL,
  `teacher_override_score` varchar(20) DEFAULT NULL,
  `writing_coherence_cohesion` decimal(5,2) DEFAULT NULL,
  `writing_grammar_accuracy` decimal(5,2) DEFAULT NULL,
  `writing_lexical_resource` decimal(5,2) DEFAULT NULL,
  `writing_task_achievement` decimal(5,2) DEFAULT NULL,
  `speaking_fluency_coherence` decimal(5,2) DEFAULT NULL,
  `speaking_grammar_accuracy` decimal(5,2) DEFAULT NULL,
  `speaking_lexical_resource` decimal(5,2) DEFAULT NULL,
  `speaking_pronunciation` decimal(5,2) DEFAULT NULL,
  PRIMARY KEY (`answer_id`),
  KEY `result_id` (`result_id`),
  KEY `question_id` (`question_id`),
  CONSTRAINT `quiz_answer_ibfk_1` FOREIGN KEY (`result_id`) REFERENCES `quiz_result` (`result_id`),
  CONSTRAINT `quiz_answer_ibfk_2` FOREIGN KEY (`question_id`) REFERENCES `question` (`question_id`)
) ENGINE=InnoDB AUTO_INCREMENT=149 DEFAULT CHARSET=utf8mb4 COLLATE=utf8mb4_0900_ai_ci;
/*!40101 SET character_set_client = @saved_cs_client */;

--
-- Dumping data for table `quiz_answer`
--

LOCK TABLES `quiz_answer` WRITE;
/*!40000 ALTER TABLE `quiz_answer` DISABLE KEYS */;
INSERT INTO `quiz_answer` VALUES (1,1,1,'Option 1',_binary '','Excellent understanding of the passage.',NULL,'10/10',NULL,NULL,NULL,NULL,NULL,NULL,NULL,NULL,NULL,NULL,NULL,NULL,NULL,NULL),(2,2,1,'Option 2',_binary '\0','Incorrect. The author explicitly mentions Carbon Dioxide.',NULL,'0/10',NULL,NULL,NULL,NULL,NULL,NULL,NULL,NULL,NULL,NULL,NULL,NULL,NULL,NULL),(3,4,2,'\"123\"',_binary '\0','Câu trả lời không liên quan đến đề bài, không thể hiện bất kỳ ý tưởng hoặc nội dung nào về chủ đề AI và tương lai của công việc. Cần cải thiện bằng cách đọc hiểu và phân tích đề bài, sau đó trình bày ý tưởng một cách rõ ràng và logic.','{\"task_achievement\":{\"score\":0.0,\"max\":9.0,\"bandLabel\":\"Band 0.0\",\"bandDescription\":\"Content is irrelevant or does not communicate the message\",\"aiReasoning\":\"Câu trả lời \'123\' không có ý nghĩa và không liên quan đến đề bài, do đó không thể hiện bất kỳ nỗ lực nào để hoàn thành nhiệm vụ.\"},\"lexical_resource\":{\"score\":0.0,\"max\":9.0,\"bandLabel\":\"Band 0.0\",\"bandDescription\":\"No appropriate lexical resource\",\"aiReasoning\":\"Câu trả lời không sử dụng bất kỳ từ vựng nào liên quan đến chủ đề, cho thấy không có nguồn tài nguyên từ vựng phù hợp.\"},\"grammatical_range\":{\"score\":0.0,\"max\":9.0,\"bandLabel\":\"Band 0.0\",\"bandDescription\":\"No grammatical structures\",\"aiReasoning\":\"Câu trả lời không có cấu trúc ngữ pháp, chỉ là một dãy số không có ý nghĩa.\"},\"coherence_cohesion\":{\"score\":0.0,\"max\":9.0,\"bandLabel\":\"Band 0.0\",\"bandDescription\":\"No organization or cohesion\",\"aiReasoning\":\"Câu trả lời không có tổ chức hoặc sự gắn kết, chỉ là một dãy số không có liên quan đến chủ đề.\"}}','0.00/9',_binary '\0',0.00,'3','COMPLETED',NULL,'0',NULL,NULL,NULL,NULL,NULL,NULL,NULL,NULL),(4,5,52,'163',_binary '\0',NULL,NULL,NULL,_binary '\0',0.00,NULL,NULL,NULL,NULL,NULL,NULL,NULL,NULL,NULL,NULL,NULL,NULL),(5,5,53,'167',_binary '\0',NULL,NULL,NULL,_binary '\0',0.00,NULL,NULL,NULL,NULL,NULL,NULL,NULL,NULL,NULL,NULL,NULL,NULL),(6,5,54,'172',_binary '',NULL,NULL,NULL,_binary '\0',1.00,NULL,NULL,NULL,NULL,NULL,NULL,NULL,NULL,NULL,NULL,NULL,NULL),(7,5,55,'178',_binary '\0',NULL,NULL,NULL,_binary '\0',0.00,NULL,NULL,NULL,NULL,NULL,NULL,NULL,NULL,NULL,NULL,NULL,NULL),(8,5,56,'179',_binary '\0',NULL,NULL,NULL,_binary '\0',0.00,NULL,NULL,NULL,NULL,NULL,NULL,NULL,NULL,NULL,NULL,NULL,NULL),(9,7,52,'165',_binary '\0',NULL,NULL,NULL,_binary '\0',0.00,'',NULL,NULL,'0',NULL,NULL,NULL,NULL,NULL,NULL,NULL,NULL),(10,7,53,'169',_binary '\0',NULL,NULL,NULL,_binary '\0',0.00,'',NULL,NULL,'0',NULL,NULL,NULL,NULL,NULL,NULL,NULL,NULL),(11,7,54,'171',_binary '\0',NULL,NULL,NULL,_binary '\0',0.00,'',NULL,NULL,'0',NULL,NULL,NULL,NULL,NULL,NULL,NULL,NULL),(12,7,55,'178',_binary '\0',NULL,NULL,NULL,_binary '\0',0.00,'',NULL,NULL,'0',NULL,NULL,NULL,NULL,NULL,NULL,NULL,NULL),(13,7,56,'179',_binary '\0',NULL,NULL,NULL,_binary '\0',0.00,'',NULL,NULL,'0',NULL,NULL,NULL,NULL,NULL,NULL,NULL,NULL),(14,8,52,'163',_binary '\0',NULL,NULL,NULL,_binary '\0',0.00,'',NULL,NULL,'0',NULL,NULL,NULL,NULL,NULL,NULL,NULL,NULL),(15,8,53,'167',_binary '\0',NULL,NULL,NULL,_binary '\0',0.00,'',NULL,NULL,'0',NULL,NULL,NULL,NULL,NULL,NULL,NULL,NULL),(16,8,54,'172',_binary '',NULL,NULL,NULL,_binary '\0',1.00,'',NULL,NULL,'1',NULL,NULL,NULL,NULL,NULL,NULL,NULL,NULL),(17,8,55,'175',_binary '',NULL,NULL,NULL,_binary '\0',1.00,'',NULL,NULL,'1',NULL,NULL,NULL,NULL,NULL,NULL,NULL,NULL),(18,8,56,'180',_binary '',NULL,NULL,NULL,_binary '\0',1.00,'',NULL,NULL,'1',NULL,NULL,NULL,NULL,NULL,NULL,NULL,NULL),(19,11,65,'\"start\"',_binary '\0',NULL,NULL,NULL,_binary '\0',0.00,NULL,NULL,NULL,NULL,NULL,NULL,NULL,NULL,NULL,NULL,NULL,NULL),(20,11,64,'\"123\"',_binary '\0','AI grading failed: Grading failed: 404 Not Found from POST https://generativelanguage.googleapis.com/v1beta/models/chat/completions. Manual review required.',NULL,NULL,_binary '\0',0.00,'','FAILED',NULL,'0',NULL,NULL,NULL,NULL,NULL,NULL,NULL,NULL),(21,11,63,'194',_binary '\0',NULL,NULL,NULL,_binary '\0',0.00,NULL,NULL,NULL,NULL,NULL,NULL,NULL,NULL,NULL,NULL,NULL,NULL),(22,11,62,'\"https://res.cloudinary.com/decqv3ed0/video/upload/v1776581615/file_ugex9q.webm\"',_binary '\0','AI grading failed: Transcription failed: 404 Not Found from POST https://generativelanguage.googleapis.com/v1beta/models/audio/transcriptions. Manual review required.',NULL,NULL,_binary '\0',0.00,'','FAILED','https://res.cloudinary.com/decqv3ed0/video/upload/v1776581615/file_ugex9q.webm','0',NULL,NULL,NULL,NULL,NULL,NULL,NULL,NULL),(23,11,61,'[189]',_binary '\0',NULL,NULL,NULL,_binary '\0',0.00,NULL,NULL,NULL,NULL,NULL,NULL,NULL,NULL,NULL,NULL,NULL,NULL),(24,11,60,'\"12412413\"',_binary '\0','AI grading failed: Grading failed: 404 Not Found from POST https://generativelanguage.googleapis.com/v1beta/models/chat/completions. Manual review required.',NULL,NULL,_binary '\0',0.00,'','FAILED',NULL,'0',NULL,NULL,NULL,NULL,NULL,NULL,NULL,NULL),(25,11,59,'\"microphone\"',_binary '\0',NULL,NULL,NULL,_binary '\0',0.00,NULL,NULL,NULL,NULL,NULL,NULL,NULL,NULL,NULL,NULL,NULL,NULL),(26,13,75,'212',_binary '',NULL,NULL,NULL,_binary '\0',1.00,NULL,NULL,NULL,NULL,NULL,NULL,NULL,NULL,NULL,NULL,NULL,NULL),(27,13,76,'215',_binary '\0',NULL,NULL,NULL,_binary '\0',0.00,NULL,NULL,NULL,NULL,NULL,NULL,NULL,NULL,NULL,NULL,NULL,NULL),(28,13,77,'220',_binary '',NULL,NULL,NULL,_binary '\0',1.00,NULL,NULL,NULL,NULL,NULL,NULL,NULL,NULL,NULL,NULL,NULL,NULL),(29,13,78,'223',_binary '\0',NULL,NULL,NULL,_binary '\0',0.00,NULL,NULL,NULL,NULL,NULL,NULL,NULL,NULL,NULL,NULL,NULL,NULL),(30,14,79,'227',_binary '\0',NULL,NULL,NULL,_binary '\0',0.00,NULL,NULL,NULL,NULL,NULL,NULL,NULL,NULL,NULL,NULL,NULL,NULL),(31,14,80,'[232]',_binary '\0',NULL,NULL,NULL,_binary '\0',0.00,NULL,NULL,NULL,NULL,NULL,NULL,NULL,NULL,NULL,NULL,NULL,NULL),(32,14,81,'235',_binary '\0',NULL,NULL,NULL,_binary '\0',0.00,NULL,NULL,NULL,NULL,NULL,NULL,NULL,NULL,NULL,NULL,NULL,NULL),(33,18,83,'255',_binary '\0',NULL,NULL,NULL,_binary '\0',0.00,NULL,NULL,NULL,NULL,NULL,NULL,NULL,NULL,NULL,NULL,NULL,NULL),(34,18,84,'262',_binary '\0',NULL,NULL,NULL,_binary '\0',0.00,NULL,NULL,NULL,NULL,NULL,NULL,NULL,NULL,NULL,NULL,NULL,NULL),(35,18,85,'263',_binary '\0',NULL,NULL,NULL,_binary '\0',0.00,NULL,NULL,NULL,NULL,NULL,NULL,NULL,NULL,NULL,NULL,NULL,NULL),(36,19,83,'',_binary '\0',NULL,NULL,NULL,_binary '\0',0.00,NULL,NULL,NULL,NULL,NULL,NULL,NULL,NULL,NULL,NULL,NULL,NULL),(37,19,84,'',_binary '\0',NULL,NULL,NULL,_binary '\0',0.00,NULL,NULL,NULL,NULL,NULL,NULL,NULL,NULL,NULL,NULL,NULL,NULL),(38,19,85,'',_binary '\0',NULL,NULL,NULL,_binary '\0',0.00,NULL,NULL,NULL,NULL,NULL,NULL,NULL,NULL,NULL,NULL,NULL,NULL),(39,20,65,'\"123123\"',_binary '\0',NULL,NULL,NULL,_binary '\0',0.00,NULL,NULL,NULL,NULL,NULL,NULL,NULL,NULL,NULL,NULL,NULL,NULL),(40,20,64,'\"123123\"',_binary '','AI grading failed: Grading failed: 404 Not Found from POST https://generativelanguage.googleapis.com/v1beta/models/chat/completions. Manual review required.',NULL,NULL,_binary '\0',3.00,'','FAILED',NULL,'3',NULL,NULL,NULL,NULL,NULL,NULL,NULL,NULL),(41,20,63,'191',_binary '\0',NULL,NULL,NULL,_binary '\0',0.00,NULL,NULL,NULL,NULL,NULL,NULL,NULL,NULL,NULL,NULL,NULL,NULL),(42,20,62,'\"https://res.cloudinary.com/decqv3ed0/video/upload/v1776704634/file_escpyg.webm\"',_binary '','AI grading failed: Transcription failed: 404 Not Found from POST https://generativelanguage.googleapis.com/v1beta/models/audio/transcriptions. Manual review required.',NULL,NULL,_binary '\0',2.00,'','FAILED','https://res.cloudinary.com/decqv3ed0/video/upload/v1776704634/file_escpyg.webm','2',NULL,NULL,NULL,NULL,NULL,NULL,NULL,NULL),(43,20,61,'[188]',_binary '\0',NULL,NULL,NULL,_binary '\0',0.00,NULL,NULL,NULL,NULL,NULL,NULL,NULL,NULL,NULL,NULL,NULL,NULL),(44,20,60,'\"1231231\"',_binary '','AI grading failed: Grading failed: 404 Not Found from POST https://generativelanguage.googleapis.com/v1beta/models/chat/completions. Manual review required.',NULL,NULL,_binary '\0',3.00,'','FAILED',NULL,'3',NULL,NULL,NULL,NULL,NULL,NULL,NULL,NULL),(45,20,59,'\"123\"',_binary '\0',NULL,NULL,NULL,_binary '\0',0.00,NULL,NULL,NULL,NULL,NULL,NULL,NULL,NULL,NULL,NULL,NULL,NULL),(46,21,65,'\"123\"',_binary '\0',NULL,NULL,NULL,_binary '\0',0.00,NULL,NULL,NULL,NULL,NULL,NULL,NULL,NULL,NULL,NULL,NULL,NULL),(47,21,64,'\"123\"',_binary '\0','AI grading failed: Grading failed: 404 Not Found from POST https://generativelanguage.googleapis.com/v1beta/models/chat/completions. Manual review required.',NULL,NULL,_binary '\0',0.00,'','FAILED',NULL,'0',NULL,NULL,NULL,NULL,NULL,NULL,NULL,NULL),(48,21,63,'191',_binary '\0',NULL,NULL,NULL,_binary '\0',0.00,NULL,NULL,NULL,NULL,NULL,NULL,NULL,NULL,NULL,NULL,NULL,NULL),(49,21,62,'\"https://res.cloudinary.com/decqv3ed0/video/upload/v1776705096/file_zxkhhy.webm\"',_binary '','AI grading failed: Transcription failed: 404 Not Found from POST https://generativelanguage.googleapis.com/v1beta/models/audio/transcriptions. Manual review required.',NULL,NULL,_binary '\0',2.00,'','FAILED','https://res.cloudinary.com/decqv3ed0/video/upload/v1776705096/file_zxkhhy.webm','2',NULL,NULL,NULL,NULL,NULL,NULL,NULL,NULL),(50,21,61,'[187]',_binary '\0',NULL,NULL,NULL,_binary '\0',0.00,NULL,NULL,NULL,NULL,NULL,NULL,NULL,NULL,NULL,NULL,NULL,NULL),(51,21,60,'\"123\"',_binary '\0','AI grading failed: Grading failed: 404 Not Found from POST https://generativelanguage.googleapis.com/v1beta/models/chat/completions. Manual review required.',NULL,NULL,_binary '\0',0.00,'','FAILED',NULL,'0',NULL,NULL,NULL,NULL,NULL,NULL,NULL,NULL),(52,21,59,'\"123\"',_binary '\0',NULL,NULL,NULL,_binary '\0',0.00,NULL,NULL,NULL,NULL,NULL,NULL,NULL,NULL,NULL,NULL,NULL,NULL),(53,23,65,'\"enter\"',_binary '\0',NULL,NULL,NULL,_binary '\0',0.00,NULL,NULL,NULL,NULL,NULL,NULL,NULL,NULL,NULL,NULL,NULL,NULL),(54,23,64,'\"123123xsdfasdf\"',_binary '','AI grading failed: Grading failed: 404 Not Found from POST https://generativelanguage.googleapis.com/v1beta/models/chat/completions. Manual review required.',NULL,NULL,_binary '\0',2.00,'ok','FAILED',NULL,'2',NULL,NULL,NULL,NULL,NULL,NULL,NULL,NULL),(55,23,70,'\"https://res.cloudinary.com/decqv3ed0/video/upload/v1776748145/file_a347pg.webm\"',_binary '','AI grading failed: Transcription failed: 404 Not Found from POST https://generativelanguage.googleapis.com/v1beta/models/audio/transcriptions. Manual review required.',NULL,NULL,_binary '\0',2.00,'ok','FAILED','https://res.cloudinary.com/decqv3ed0/video/upload/v1776748145/file_a347pg.webm','2',NULL,NULL,NULL,NULL,NULL,NULL,NULL,NULL),(56,23,62,'\"https://res.cloudinary.com/decqv3ed0/video/upload/v1776748146/file_ykdw3k.webm\"',_binary '','AI grading failed: Transcription failed: 404 Not Found from POST https://generativelanguage.googleapis.com/v1beta/models/audio/transcriptions. Manual review required.',NULL,NULL,_binary '\0',2.00,'ok','FAILED','https://res.cloudinary.com/decqv3ed0/video/upload/v1776748146/file_ykdw3k.webm','2',NULL,NULL,NULL,NULL,NULL,NULL,NULL,NULL),(57,23,58,'\"https://res.cloudinary.com/decqv3ed0/video/upload/v1776748147/file_icsrol.webm\"',_binary '','AI grading failed: Transcription failed: 404 Not Found from POST https://generativelanguage.googleapis.com/v1beta/models/audio/transcriptions. Manual review required.',NULL,NULL,_binary '\0',2.00,'','FAILED','https://res.cloudinary.com/decqv3ed0/video/upload/v1776748147/file_icsrol.webm','2',NULL,NULL,NULL,NULL,NULL,NULL,NULL,NULL),(58,23,71,'205',_binary '',NULL,NULL,NULL,_binary '\0',1.00,NULL,NULL,NULL,NULL,NULL,NULL,NULL,NULL,NULL,NULL,NULL,NULL),(59,23,59,'\"123123\"',_binary '\0',NULL,NULL,NULL,_binary '\0',0.00,NULL,NULL,NULL,NULL,NULL,NULL,NULL,NULL,NULL,NULL,NULL,NULL),(60,24,65,'\"start\"',_binary '\0',NULL,NULL,NULL,_binary '\0',0.00,NULL,NULL,NULL,NULL,NULL,NULL,NULL,NULL,NULL,NULL,NULL,NULL),(61,24,64,'\"asdfasfa ưer\"',_binary '','AI grading failed: Grading failed: 404 Not Found from POST https://generativelanguage.googleapis.com/v1beta/models/chat/completions. Manual review required.',NULL,NULL,_binary '\0',2.00,'0','FAILED',NULL,'2',NULL,NULL,NULL,NULL,NULL,NULL,NULL,NULL),(62,24,63,'193',_binary '',NULL,NULL,NULL,_binary '\0',1.00,NULL,NULL,NULL,NULL,NULL,NULL,NULL,NULL,NULL,NULL,NULL,NULL),(63,24,62,'\"https://res.cloudinary.com/decqv3ed0/video/upload/v1776749790/file_miwfiv.webm\"',_binary '\0','AI grading failed: Transcription failed: 404 Not Found from POST https://generativelanguage.googleapis.com/v1beta/models/audio/transcriptions. Manual review required.',NULL,NULL,_binary '\0',0.00,'nonsense','FAILED','https://res.cloudinary.com/decqv3ed0/video/upload/v1776749790/file_miwfiv.webm','0',NULL,NULL,NULL,NULL,NULL,NULL,NULL,NULL),(64,24,61,'[187]',_binary '\0',NULL,NULL,NULL,_binary '\0',0.00,NULL,NULL,NULL,NULL,NULL,NULL,NULL,NULL,NULL,NULL,NULL,NULL),(65,24,60,'\"xcvasdf\"',_binary '','AI grading failed: Grading failed: 404 Not Found from POST https://generativelanguage.googleapis.com/v1beta/models/chat/completions. Manual review required.',NULL,NULL,_binary '\0',2.00,'0','FAILED',NULL,'2',NULL,NULL,NULL,NULL,NULL,NULL,NULL,NULL),(66,24,59,'\"123123\"',_binary '\0',NULL,NULL,NULL,_binary '\0',0.00,NULL,NULL,NULL,NULL,NULL,NULL,NULL,NULL,NULL,NULL,NULL,NULL),(67,24,58,'\"https://res.cloudinary.com/decqv3ed0/video/upload/v1776749803/file_fef7s0.webm\"',_binary '','AI grading failed: Transcription failed: 404 Not Found from POST https://generativelanguage.googleapis.com/v1beta/models/audio/transcriptions. Manual review required.',NULL,NULL,_binary '\0',2.00,'ok','FAILED','https://res.cloudinary.com/decqv3ed0/video/upload/v1776749803/file_fef7s0.webm','2',NULL,NULL,NULL,NULL,NULL,NULL,NULL,NULL),(75,27,65,'\"123123\"',_binary '\0',NULL,NULL,NULL,_binary '\0',0.00,NULL,NULL,NULL,NULL,NULL,NULL,NULL,NULL,NULL,NULL,NULL,NULL),(76,27,64,'\"123123\"',_binary '','AI grading failed: Grading failed: 404 Not Found from POST https://generativelanguage.googleapis.com/v1beta/models/chat/completions. Manual review required.',NULL,NULL,_binary '\0',2.00,'ok','COMPLETED',NULL,'2',NULL,NULL,NULL,NULL,NULL,NULL,NULL,NULL),(77,27,63,'194',_binary '\0',NULL,NULL,NULL,_binary '\0',0.00,NULL,NULL,NULL,NULL,NULL,NULL,NULL,NULL,NULL,NULL,NULL,NULL),(78,27,62,'\"https://res.cloudinary.com/decqv3ed0/video/upload/v1776751667/file_flsy2c.webm\"',_binary '','AI grading failed: Transcription failed: 404 Not Found from POST https://generativelanguage.googleapis.com/v1beta/models/audio/transcriptions. Manual review required.',NULL,NULL,_binary '\0',2.00,'ok','COMPLETED','https://res.cloudinary.com/decqv3ed0/video/upload/v1776751667/file_flsy2c.webm','2',NULL,NULL,NULL,NULL,NULL,NULL,NULL,NULL),(79,27,61,'[187]',_binary '\0',NULL,NULL,NULL,_binary '\0',0.00,NULL,NULL,NULL,NULL,NULL,NULL,NULL,NULL,NULL,NULL,NULL,NULL),(80,27,60,'\"123123\"',_binary '','AI grading failed: Grading failed: 404 Not Found from POST https://generativelanguage.googleapis.com/v1beta/models/chat/completions. Manual review required.',NULL,NULL,_binary '\0',2.00,'ok','COMPLETED',NULL,'2',NULL,NULL,NULL,NULL,NULL,NULL,NULL,NULL),(81,27,59,'\"123123\"',_binary '\0',NULL,NULL,NULL,_binary '\0',0.00,NULL,NULL,NULL,NULL,NULL,NULL,NULL,NULL,NULL,NULL,NULL,NULL),(82,27,58,'\"https://res.cloudinary.com/decqv3ed0/video/upload/v1776751673/file_nvd1b4.webm\"',_binary '','AI grading failed: Transcription failed: 404 Not Found from POST https://generativelanguage.googleapis.com/v1beta/models/audio/transcriptions. Manual review required.',NULL,NULL,_binary '\0',2.00,'ok','COMPLETED','https://res.cloudinary.com/decqv3ed0/video/upload/v1776751673/file_nvd1b4.webm','2',NULL,NULL,NULL,NULL,NULL,NULL,NULL,NULL),(83,29,94,'299',_binary '',NULL,NULL,NULL,_binary '\0',1.00,NULL,NULL,NULL,NULL,NULL,NULL,NULL,NULL,NULL,NULL,NULL,NULL),(84,29,95,'304',_binary '',NULL,NULL,NULL,_binary '\0',1.00,NULL,NULL,NULL,NULL,NULL,NULL,NULL,NULL,NULL,NULL,NULL,NULL),(85,29,96,'307',_binary '',NULL,NULL,NULL,_binary '\0',1.00,NULL,NULL,NULL,NULL,NULL,NULL,NULL,NULL,NULL,NULL,NULL,NULL),(86,29,97,'311',_binary '',NULL,NULL,NULL,_binary '\0',1.00,NULL,NULL,NULL,NULL,NULL,NULL,NULL,NULL,NULL,NULL,NULL,NULL),(87,29,98,'316',_binary '',NULL,NULL,NULL,_binary '\0',1.00,NULL,NULL,NULL,NULL,NULL,NULL,NULL,NULL,NULL,NULL,NULL,NULL),(88,30,99,'322',_binary '\0',NULL,NULL,NULL,_binary '\0',0.00,NULL,NULL,NULL,NULL,NULL,NULL,NULL,NULL,NULL,NULL,NULL,NULL),(89,30,100,'323',_binary '',NULL,NULL,NULL,_binary '\0',1.00,NULL,NULL,NULL,NULL,NULL,NULL,NULL,NULL,NULL,NULL,NULL,NULL),(90,30,101,'330',_binary '\0',NULL,NULL,NULL,_binary '\0',0.00,NULL,NULL,NULL,NULL,NULL,NULL,NULL,NULL,NULL,NULL,NULL,NULL),(91,30,102,'333',_binary '\0',NULL,NULL,NULL,_binary '\0',0.00,NULL,NULL,NULL,NULL,NULL,NULL,NULL,NULL,NULL,NULL,NULL,NULL),(92,30,103,'335',_binary '\0',NULL,NULL,NULL,_binary '\0',0.00,NULL,NULL,NULL,NULL,NULL,NULL,NULL,NULL,NULL,NULL,NULL,NULL),(93,30,73,'[209]',_binary '\0',NULL,NULL,NULL,_binary '\0',0.00,NULL,NULL,NULL,NULL,NULL,NULL,NULL,NULL,NULL,NULL,NULL,NULL),(94,30,72,'\"123123123123123\"',_binary '\0',NULL,NULL,NULL,_binary '\0',0.00,NULL,NULL,NULL,NULL,NULL,NULL,NULL,NULL,NULL,NULL,NULL,NULL),(95,30,80,'[232]',_binary '\0',NULL,NULL,NULL,_binary '\0',0.00,NULL,NULL,NULL,NULL,NULL,NULL,NULL,NULL,NULL,NULL,NULL,NULL),(96,30,79,'230',_binary '',NULL,NULL,NULL,_binary '\0',1.00,NULL,NULL,NULL,NULL,NULL,NULL,NULL,NULL,NULL,NULL,NULL,NULL),(97,30,70,'\"https://res.cloudinary.com/decqv3ed0/video/upload/v1776797145/file_ucokdm.webm\"',_binary '','Học sinh chưa cung cấp bất kỳ thông tin nào về ý tưởng thiết kế trò chơi, không có nội dung để đánh giá. Để cải thiện, học sinh cần phát triển ý tưởng và trình bày rõ ràng về các điểm bán hàng độc đáo, đối tượng mục tiêu và cách trò chơi mới này lấp đầy khoảng trống trên thị trường.','{\"fluency_cohesion\":{\"score\":0.0,\"max\":9.0,\"bandLabel\":\"0\",\"bandDescription\":\"Cannot communicate\",\"aiReasoning\":\"Học sinh không cung cấp thông tin nào, không thể đánh giá sự lưu loát và gắn kết trong lời nói.\"},\"lexical_resource\":{\"score\":0.0,\"max\":9.0,\"bandLabel\":\"0\",\"bandDescription\":\"No appropriate lexical resource\",\"aiReasoning\":\"Học sinh không sử dụng từ vựng nào liên quan đến chủ đề, không có tài nguyên từ vựng phù hợp.\"},\"grammatical_range\":{\"score\":0.0,\"max\":9.0,\"bandLabel\":\"0\",\"bandDescription\":\"No grammatical structures\",\"aiReasoning\":\"Học sinh không cung cấp câu nói hoàn chỉnh, không thể đánh giá cấu trúc ngữ pháp.\"},\"pronunciation\":{\"score\":0.0,\"max\":9.0,\"bandLabel\":\"0\",\"bandDescription\":\"No intelligible pronunciation\",\"aiReasoning\":\"Học sinh không nói gì, không thể đánh giá cách phát âm.\"}}','0.00/9',_binary '\0',2.00,'ok','COMPLETED','https://res.cloudinary.com/decqv3ed0/video/upload/v1776797145/file_ucokdm.webm','2',NULL,NULL,NULL,NULL,NULL,NULL,NULL,NULL),(98,30,62,'\"https://res.cloudinary.com/decqv3ed0/video/upload/v1776797151/file_gxg0ve.webm\"',_binary '','Học sinh chưa đưa ra bất kỳ ý kiến hoặc quan điểm nào về đề bài. Để cải thiện, học sinh nên cố gắng đưa ra ý kiến và lập luận rõ ràng về chủ đề.','{\"fluency_cohesion\":{\"score\":0.0,\"max\":9.0,\"bandLabel\":\"0\",\"bandDescription\":\"Cannot communicate\",\"aiReasoning\":\"Học sinh không thể diễn đạt ý kiến của mình\"},\"lexical_resource\":{\"score\":0.0,\"max\":9.0,\"bandLabel\":\"0\",\"bandDescription\":\"No appropriate lexical resource\",\"aiReasoning\":\"Học sinh không sử dụng từ vựng phù hợp\"},\"grammatical_range\":{\"score\":0.0,\"max\":9.0,\"bandLabel\":\"0\",\"bandDescription\":\"No grammatical structures\",\"aiReasoning\":\"Học sinh không sử dụng cấu trúc ngữ pháp\"},\"pronunciation\":{\"score\":0.0,\"max\":9.0,\"bandLabel\":\"0\",\"bandDescription\":\"No intelligible pronunciation\",\"aiReasoning\":\"Học sinh không thể phát âm rõ ràng\"}}','0.00/9',_binary '\0',2.00,'ok','COMPLETED','https://res.cloudinary.com/decqv3ed0/video/upload/v1776797151/file_gxg0ve.webm','2',NULL,NULL,NULL,NULL,NULL,NULL,NULL,NULL),(99,32,101,'327',_binary '',NULL,NULL,NULL,_binary '\0',1.00,NULL,NULL,NULL,NULL,NULL,NULL,NULL,NULL,NULL,NULL,NULL,NULL),(100,32,100,'323',_binary '',NULL,NULL,NULL,_binary '\0',1.00,NULL,NULL,NULL,NULL,NULL,NULL,NULL,NULL,NULL,NULL,NULL,NULL),(101,32,99,'320',_binary '\0',NULL,NULL,NULL,_binary '\0',0.00,NULL,NULL,NULL,NULL,NULL,NULL,NULL,NULL,NULL,NULL,NULL,NULL),(102,32,83,'257',_binary '\0',NULL,NULL,NULL,_binary '\0',0.00,NULL,NULL,NULL,NULL,NULL,NULL,NULL,NULL,NULL,NULL,NULL,NULL),(103,32,84,'260',_binary '\0',NULL,NULL,NULL,_binary '\0',0.00,NULL,NULL,NULL,NULL,NULL,NULL,NULL,NULL,NULL,NULL,NULL,NULL),(104,32,85,'264',_binary '\0',NULL,NULL,NULL,_binary '\0',0.00,NULL,NULL,NULL,NULL,NULL,NULL,NULL,NULL,NULL,NULL,NULL,NULL),(105,32,68,'[200]',_binary '\0',NULL,NULL,NULL,_binary '\0',0.00,NULL,NULL,NULL,NULL,NULL,NULL,NULL,NULL,NULL,NULL,NULL,NULL),(106,32,66,'198',_binary '\0',NULL,NULL,NULL,_binary '\0',0.00,NULL,NULL,NULL,NULL,NULL,NULL,NULL,NULL,NULL,NULL,NULL,NULL),(107,32,65,'\"1231\"',_binary '\0',NULL,NULL,NULL,_binary '\0',0.00,NULL,NULL,NULL,NULL,NULL,NULL,NULL,NULL,NULL,NULL,NULL,NULL),(108,32,63,'194',_binary '\0',NULL,NULL,NULL,_binary '\0',0.00,NULL,NULL,NULL,NULL,NULL,NULL,NULL,NULL,NULL,NULL,NULL,NULL),(109,32,74,'\"123123\"',_binary '','Hệ thống gặp sự cố khi chấm bài tự động. Giáo viên sẽ kiểm tra lại phần này. Chi tiết: Lỗi xác thực dịch vụ chấm điểm.','{\"task_achievement\":{\"score\":0,\"max\":9,\"bandLabel\":\"0.0\",\"bandDescription\":\"Lỗi xác thực dịch vụ chấm điểm.\"},\"lexical_resource\":{\"score\":0,\"max\":9,\"bandLabel\":\"0.0\"},\"grammatical_range\":{\"score\":0,\"max\":9,\"bandLabel\":\"0.0\"},\"coherence_cohesion\":{\"score\":0,\"max\":9,\"bandLabel\":\"0.0\"}}','0/9',_binary '\0',2.00,'','COMPLETED',NULL,'2',NULL,NULL,NULL,NULL,NULL,NULL,NULL,NULL),(110,32,69,'\"123\"',_binary '','Hệ thống gặp sự cố khi chấm bài tự động. Giáo viên sẽ kiểm tra lại phần này. Chi tiết: Lỗi xác thực dịch vụ chấm điểm.','{\"task_achievement\":{\"score\":0,\"max\":9,\"bandLabel\":\"0.0\",\"bandDescription\":\"Lỗi xác thực dịch vụ chấm điểm.\"},\"lexical_resource\":{\"score\":0,\"max\":9,\"bandLabel\":\"0.0\"},\"grammatical_range\":{\"score\":0,\"max\":9,\"bandLabel\":\"0.0\"},\"coherence_cohesion\":{\"score\":0,\"max\":9,\"bandLabel\":\"0.0\"}}','0/9',_binary '\0',2.00,'','COMPLETED',NULL,'2',NULL,NULL,NULL,NULL,NULL,NULL,NULL,NULL),(111,32,67,'\"123\"',_binary '\0',NULL,NULL,NULL,_binary '\0',0.00,NULL,NULL,NULL,NULL,NULL,NULL,NULL,NULL,NULL,NULL,NULL,NULL),(112,32,64,'\"123123\"',_binary '\0','Hệ thống gặp sự cố khi chấm bài tự động. Giáo viên sẽ kiểm tra lại phần này. Chi tiết: Lỗi xác thực dịch vụ chấm điểm.','{\"task_achievement\":{\"score\":0,\"max\":9,\"bandLabel\":\"0.0\",\"bandDescription\":\"Lỗi xác thực dịch vụ chấm điểm.\"},\"lexical_resource\":{\"score\":0,\"max\":9,\"bandLabel\":\"0.0\"},\"grammatical_range\":{\"score\":0,\"max\":9,\"bandLabel\":\"0.0\"},\"coherence_cohesion\":{\"score\":0,\"max\":9,\"bandLabel\":\"0.0\"}}','0/9',_binary '\0',-2.00,'','COMPLETED',NULL,'-2',NULL,NULL,NULL,NULL,NULL,NULL,NULL,NULL),(113,32,70,'\"https://res.cloudinary.com/decqv3ed0/video/upload/v1776864368/file_dutaet.webm\"',_binary '\0','Hệ thống gặp sự cố khi chấm bài tự động. Giáo viên sẽ kiểm tra lại phần này. Chi tiết: Lỗi hệ thống xử lý bài làm.','{\"fluency_cohesion\":{\"score\":0,\"max\":9,\"bandLabel\":\"0.0\",\"bandDescription\":\"Lỗi hệ thống xử lý bài làm.\"},\"lexical_resource\":{\"score\":0,\"max\":9,\"bandLabel\":\"0.0\"},\"grammatical_range\":{\"score\":0,\"max\":9,\"bandLabel\":\"0.0\"},\"pronunciation\":{\"score\":0,\"max\":9,\"bandLabel\":\"0.0\"}}','0/9',_binary '\0',-1.00,'zbqwec','COMPLETED','https://res.cloudinary.com/decqv3ed0/video/upload/v1776864368/file_dutaet.webm','-1',NULL,NULL,NULL,NULL,NULL,NULL,NULL,NULL),(114,32,62,'\"https://res.cloudinary.com/decqv3ed0/video/upload/v1776864364/file_vtzhz6.webm\"',_binary '','Hệ thống gặp sự cố khi chấm bài tự động. Giáo viên sẽ kiểm tra lại phần này. Chi tiết: Lỗi hệ thống xử lý bài làm.','{\"fluency_cohesion\":{\"score\":0,\"max\":9,\"bandLabel\":\"0.0\",\"bandDescription\":\"Lỗi hệ thống xử lý bài làm.\"},\"lexical_resource\":{\"score\":0,\"max\":9,\"bandLabel\":\"0.0\"},\"grammatical_range\":{\"score\":0,\"max\":9,\"bandLabel\":\"0.0\"},\"pronunciation\":{\"score\":0,\"max\":9,\"bandLabel\":\"0.0\"}}','0/9',_binary '\0',3.00,'213','COMPLETED','https://res.cloudinary.com/decqv3ed0/video/upload/v1776864364/file_vtzhz6.webm','3',NULL,NULL,NULL,NULL,NULL,NULL,NULL,NULL),(115,32,58,'\"https://res.cloudinary.com/decqv3ed0/video/upload/v1776864376/file_rrygkp.webm\"',_binary '','Hệ thống gặp sự cố khi chấm bài tự động. Giáo viên sẽ kiểm tra lại phần này. Chi tiết: Lỗi hệ thống xử lý bài làm.','{\"fluency_cohesion\":{\"score\":0,\"max\":9,\"bandLabel\":\"0.0\",\"bandDescription\":\"Lỗi hệ thống xử lý bài làm.\"},\"lexical_resource\":{\"score\":0,\"max\":9,\"bandLabel\":\"0.0\"},\"grammatical_range\":{\"score\":0,\"max\":9,\"bandLabel\":\"0.0\"},\"pronunciation\":{\"score\":0,\"max\":9,\"bandLabel\":\"0.0\"}}','0/9',_binary '\0',2.00,'123123','COMPLETED','https://res.cloudinary.com/decqv3ed0/video/upload/v1776864376/file_rrygkp.webm','2',NULL,NULL,NULL,NULL,NULL,NULL,NULL,NULL),(116,33,83,'256',_binary '',NULL,NULL,NULL,_binary '\0',1.00,NULL,NULL,NULL,NULL,NULL,NULL,NULL,NULL,NULL,NULL,NULL,NULL),(117,33,84,'261',_binary '',NULL,NULL,NULL,_binary '\0',1.00,NULL,NULL,NULL,NULL,NULL,NULL,NULL,NULL,NULL,NULL,NULL,NULL),(118,33,85,'266',_binary '',NULL,NULL,NULL,_binary '\0',1.00,NULL,NULL,NULL,NULL,NULL,NULL,NULL,NULL,NULL,NULL,NULL,NULL),(119,33,80,'[233]',_binary '\0',NULL,NULL,NULL,_binary '\0',0.00,NULL,NULL,NULL,NULL,NULL,NULL,NULL,NULL,NULL,NULL,NULL,NULL),(120,33,79,'230',_binary '',NULL,NULL,NULL,_binary '\0',1.00,NULL,NULL,NULL,NULL,NULL,NULL,NULL,NULL,NULL,NULL,NULL,NULL),(121,33,75,'212',_binary '',NULL,NULL,NULL,_binary '\0',1.00,NULL,NULL,NULL,NULL,NULL,NULL,NULL,NULL,NULL,NULL,NULL,NULL),(122,33,76,'218',_binary '\0',NULL,NULL,NULL,_binary '\0',0.00,NULL,NULL,NULL,NULL,NULL,NULL,NULL,NULL,NULL,NULL,NULL,NULL),(123,33,77,'220',_binary '',NULL,NULL,NULL,_binary '\0',1.00,NULL,NULL,NULL,NULL,NULL,NULL,NULL,NULL,NULL,NULL,NULL,NULL),(124,33,78,'223',_binary '\0',NULL,NULL,NULL,_binary '\0',0.00,NULL,NULL,NULL,NULL,NULL,NULL,NULL,NULL,NULL,NULL,NULL,NULL),(125,33,22,'46',_binary '\0',NULL,NULL,NULL,_binary '\0',0.00,NULL,NULL,NULL,NULL,NULL,NULL,NULL,NULL,NULL,NULL,NULL,NULL),(126,33,16,'36',_binary '',NULL,NULL,NULL,_binary '\0',1.00,NULL,NULL,NULL,NULL,NULL,NULL,NULL,NULL,NULL,NULL,NULL,NULL),(127,33,58,'\"https://res.cloudinary.com/decqv3ed0/video/upload/v1777261049/file_gllxps.webm\"',_binary '','Hệ thống gặp sự cố khi chấm bài tự động. Giáo viên sẽ kiểm tra lại phần này. Chi tiết: Lỗi hệ thống xử lý bài làm.','{\"fluency_cohesion\":{\"score\":0,\"max\":9,\"bandLabel\":\"0.0\",\"bandDescription\":\"Lỗi hệ thống xử lý bài làm.\"},\"lexical_resource\":{\"score\":0,\"max\":9,\"bandLabel\":\"0.0\"},\"grammatical_range\":{\"score\":0,\"max\":9,\"bandLabel\":\"0.0\"},\"pronunciation\":{\"score\":0,\"max\":9,\"bandLabel\":\"0.0\"}}','0/9',_binary '\0',0.11,'','COMPLETED','https://res.cloudinary.com/decqv3ed0/video/upload/v1777261049/file_gllxps.webm','1',NULL,NULL,NULL,NULL,NULL,NULL,NULL,NULL),(128,34,113,'385',_binary '\0',NULL,NULL,NULL,_binary '\0',0.00,NULL,NULL,NULL,NULL,NULL,NULL,NULL,NULL,NULL,NULL,NULL,NULL),(129,34,114,'387',_binary '',NULL,NULL,NULL,_binary '\0',1.00,NULL,NULL,NULL,NULL,NULL,NULL,NULL,NULL,NULL,NULL,NULL,NULL),(130,34,115,'393',_binary '\0',NULL,NULL,NULL,_binary '\0',0.00,NULL,NULL,NULL,NULL,NULL,NULL,NULL,NULL,NULL,NULL,NULL,NULL),(131,34,116,'398',_binary '\0',NULL,NULL,NULL,_binary '\0',0.00,NULL,NULL,NULL,NULL,NULL,NULL,NULL,NULL,NULL,NULL,NULL,NULL),(132,34,117,'400',_binary '',NULL,NULL,NULL,_binary '\0',1.00,NULL,NULL,NULL,NULL,NULL,NULL,NULL,NULL,NULL,NULL,NULL,NULL),(133,34,118,'406',_binary '\0',NULL,NULL,NULL,_binary '\0',0.00,NULL,NULL,NULL,NULL,NULL,NULL,NULL,NULL,NULL,NULL,NULL,NULL),(134,34,119,'410',_binary '\0',NULL,NULL,NULL,_binary '\0',0.00,NULL,NULL,NULL,NULL,NULL,NULL,NULL,NULL,NULL,NULL,NULL,NULL),(135,34,120,'414',_binary '\0',NULL,NULL,NULL,_binary '\0',0.00,NULL,NULL,NULL,NULL,NULL,NULL,NULL,NULL,NULL,NULL,NULL,NULL),(136,34,121,'\"1234shdvisxcvnxcvnsa pndsinapdnfgpienpgn dcnv pxzcnvbgpsndpfigjnhspirntghpisne gxcvb cvbsdfg xcvxcvzxcv\"',NULL,'Học sinh cần cải thiện kỹ năng viết bằng cách sử dụng từ vựng và cấu trúc câu phù hợp, cũng như phát triển ý tưởng rõ ràng và logic. Học sinh nên tập trung vào việc viết câu trả lời có nghĩa và liên quan đến đề bài.','{\"task_achievement\":{\"score\":0.0,\"max\":9.0,\"bandLabel\":\"Band 0.0\",\"bandDescription\":\"Content is irrelevant or does not communicate the message\",\"aiReasoning\":\"Học sinh không cung cấp bất kỳ nội dung nào liên quan đến đề bài, và câu trả lời không thể hiểu được.\"},\"lexical_resource\":{\"score\":0.0,\"max\":9.0,\"bandLabel\":\"Band 0.0\",\"bandDescription\":\"No appropriate lexical resource\",\"aiReasoning\":\"Học sinh không sử dụng từ vựng phù hợp hoặc không có từ vựng nào trong câu trả lời.\"},\"grammatical_range\":{\"score\":0.0,\"max\":9.0,\"bandLabel\":\"Band 0.0\",\"bandDescription\":\"No grammatical structures\",\"aiReasoning\":\"Học sinh không cung cấp bất kỳ cấu trúc câu nào trong câu trả lời.\"},\"coherence_cohesion\":{\"score\":0.0,\"max\":9.0,\"bandLabel\":\"Band 0.0\",\"bandDescription\":\"No organization or cohesion\",\"aiReasoning\":\"Học sinh không cung cấp bất kỳ tổ chức hoặc liên kết nào trong câu trả lời.\"}}','0.00/9',_binary '\0',0.00,NULL,'COMPLETED',NULL,NULL,NULL,NULL,NULL,NULL,NULL,NULL,NULL,NULL),(137,34,13,'\"https://res.cloudinary.com/decqv3ed0/video/upload/v1777296406/file_ddv9wg.webm\"',_binary '\0','Hệ thống gặp sự cố khi chấm bài tự động. Giáo viên sẽ kiểm tra lại phần này. Chi tiết: Lỗi hệ thống xử lý bài làm.','{\"fluency_cohesion\":{\"score\":0,\"max\":9,\"bandLabel\":\"0.0\",\"bandDescription\":\"Lỗi hệ thống xử lý bài làm.\"},\"lexical_resource\":{\"score\":0,\"max\":9,\"bandLabel\":\"0.0\"},\"grammatical_range\":{\"score\":0,\"max\":9,\"bandLabel\":\"0.0\"},\"pronunciation\":{\"score\":0,\"max\":9,\"bandLabel\":\"0.0\"}}','0/9',_binary '\0',0.00,NULL,'COMPLETED','https://res.cloudinary.com/decqv3ed0/video/upload/v1777296406/file_ddv9wg.webm',NULL,NULL,NULL,NULL,NULL,NULL,NULL,NULL,NULL),(138,36,108,'363',_binary '\0',NULL,NULL,NULL,_binary '\0',0.00,NULL,NULL,NULL,NULL,NULL,NULL,NULL,NULL,NULL,NULL,NULL,NULL),(139,36,109,'367',_binary '\0',NULL,NULL,NULL,_binary '\0',0.00,NULL,NULL,NULL,NULL,NULL,NULL,NULL,NULL,NULL,NULL,NULL,NULL),(140,36,110,'374',_binary '\0',NULL,NULL,NULL,_binary '\0',0.00,NULL,NULL,NULL,NULL,NULL,NULL,NULL,NULL,NULL,NULL,NULL,NULL),(141,36,111,'376',_binary '',NULL,NULL,NULL,_binary '\0',1.00,NULL,NULL,NULL,NULL,NULL,NULL,NULL,NULL,NULL,NULL,NULL,NULL),(142,36,112,'382',_binary '\0',NULL,NULL,NULL,_binary '\0',0.00,NULL,NULL,NULL,NULL,NULL,NULL,NULL,NULL,NULL,NULL,NULL,NULL),(143,36,75,'212',_binary '',NULL,NULL,NULL,_binary '\0',1.00,NULL,NULL,NULL,NULL,NULL,NULL,NULL,NULL,NULL,NULL,NULL,NULL),(144,36,76,'216',_binary '\0',NULL,NULL,NULL,_binary '\0',0.00,NULL,NULL,NULL,NULL,NULL,NULL,NULL,NULL,NULL,NULL,NULL,NULL),(145,36,77,'220',_binary '',NULL,NULL,NULL,_binary '\0',1.00,NULL,NULL,NULL,NULL,NULL,NULL,NULL,NULL,NULL,NULL,NULL,NULL),(146,36,78,'224',_binary '\0',NULL,NULL,NULL,_binary '\0',0.00,NULL,NULL,NULL,NULL,NULL,NULL,NULL,NULL,NULL,NULL,NULL,NULL),(147,36,122,'\"I usually go to a coffee shop near my house where I can use the internet for free. The place is quiet and comfortable, so I like to sit there for a few hours. When I use the internet, I often check my emails, watch videos, and chat with my friends on social media. Sometimes, I also use it to study English or search for information for my homework. The internet there is quite fast, so it is very convenient for me. I enjoy spending time in this place because I can relax and do many things online at the same time.\"',_binary '','Hệ thống gặp sự cố khi chấm bài tự động. Giáo viên sẽ kiểm tra lại phần này. Chi tiết: Lỗi hệ thống xử lý bài làm.','{\"task_achievement\":{\"score\":0,\"max\":9,\"bandLabel\":\"0.0\",\"bandDescription\":\"Lỗi hệ thống xử lý bài làm.\"},\"lexical_resource\":{\"score\":0,\"max\":9,\"bandLabel\":\"0.0\"},\"grammatical_range\":{\"score\":0,\"max\":9,\"bandLabel\":\"0.0\"},\"coherence_cohesion\":{\"score\":0,\"max\":9,\"bandLabel\":\"0.0\"}}','0/9',_binary '\0',2.00,'ok','COMPLETED',NULL,'2.0',2.00,2.00,2.00,2.00,NULL,NULL,NULL,NULL),(148,36,58,'\"https://res.cloudinary.com/decqv3ed0/video/upload/v1777304502/file_clvrxq.webm\"',_binary '','Học sinh chưa trả lời câu hỏi, cần phát triển ý và cung cấp thông tin cụ thể về trò chơi điện tử yêu thích.','{\"fluency_cohesion\":{\"score\":0.0,\"max\":9.0,\"bandLabel\":\"0\",\"bandDescription\":\"Cannot communicate\",\"aiReasoning\":\"Học sinh chỉ nói \'Thank you\' và không cung cấp bất kỳ thông tin nào về trò chơi điện tử yêu thích.\"},\"lexical_resource\":{\"score\":0.0,\"max\":9.0,\"bandLabel\":\"0\",\"bandDescription\":\"No appropriate lexical resource\",\"aiReasoning\":\"Học sinh không sử dụng từ vựng liên quan đến chủ đề trò chơi điện tử.\"},\"grammatical_range\":{\"score\":0.0,\"max\":9.0,\"bandLabel\":\"0\",\"bandDescription\":\"No grammatical structures\",\"aiReasoning\":\"Học sinh không tạo ra bất kỳ cấu trúc ngữ pháp nào để trả lời câu hỏi.\"},\"pronunciation\":{\"score\":0.0,\"max\":9.0,\"bandLabel\":\"0\",\"bandDescription\":\"No intelligible pronunciation\",\"aiReasoning\":\"Học sinh chỉ nói một từ \'Thank you\' và không thể đánh giá khả năng phát âm.\"}}','0.00/9',_binary '\0',2.00,'ok','COMPLETED','https://res.cloudinary.com/decqv3ed0/video/upload/v1777304502/file_clvrxq.webm','2.0',NULL,NULL,NULL,NULL,2.00,2.00,2.00,2.00);
/*!40000 ALTER TABLE `quiz_answer` ENABLE KEYS */;
UNLOCK TABLES;

--
-- Table structure for table `quiz_assignment`
--

DROP TABLE IF EXISTS `quiz_assignment`;
/*!40101 SET @saved_cs_client     = @@character_set_client */;
/*!50503 SET character_set_client = utf8mb4 */;
CREATE TABLE `quiz_assignment` (
  `assignment_id` int NOT NULL AUTO_INCREMENT,
  `order_index` int DEFAULT NULL,
  `lesson_id` int DEFAULT NULL,
  `module_id` int DEFAULT NULL,
  `quiz_id` int NOT NULL,
  PRIMARY KEY (`assignment_id`),
  UNIQUE KEY `UKj7ia1xjuo7mrh2dfk9g3rad1f` (`quiz_id`,`lesson_id`),
  UNIQUE KEY `UK96xau4nywm9a92n4aoeek1fm9` (`quiz_id`,`module_id`),
  KEY `FKdcql7tg5vne928wmkfjxfepyx` (`lesson_id`),
  KEY `FKtgc7odo1c5v4msy5pjj9lse3g` (`module_id`),
  CONSTRAINT `FKammnyuufr9j6osu3agec84cvx` FOREIGN KEY (`quiz_id`) REFERENCES `quiz` (`quiz_id`),
  CONSTRAINT `FKdcql7tg5vne928wmkfjxfepyx` FOREIGN KEY (`lesson_id`) REFERENCES `lesson` (`lesson_id`),
  CONSTRAINT `FKtgc7odo1c5v4msy5pjj9lse3g` FOREIGN KEY (`module_id`) REFERENCES `module` (`module_id`)
) ENGINE=InnoDB AUTO_INCREMENT=16 DEFAULT CHARSET=utf8mb4 COLLATE=utf8mb4_0900_ai_ci;
/*!40101 SET character_set_client = @saved_cs_client */;

--
-- Dumping data for table `quiz_assignment`
--

LOCK TABLES `quiz_assignment` WRITE;
/*!40000 ALTER TABLE `quiz_assignment` DISABLE KEYS */;
INSERT INTO `quiz_assignment` VALUES (1,1,1,1,49),(2,1,13,1,50),(3,2,NULL,1,71),(4,2,1,1,78),(5,3,1,1,79),(6,4,1,1,80),(7,1,3,2,81),(8,5,1,1,82),(9,6,1,1,85),(10,2,3,2,86),(11,7,1,1,87),(12,8,1,1,88),(13,9,1,1,89),(14,10,1,1,90),(15,11,1,1,91);
/*!40000 ALTER TABLE `quiz_assignment` ENABLE KEYS */;
UNLOCK TABLES;

--
-- Table structure for table `quiz_config`
--

DROP TABLE IF EXISTS `quiz_config`;
/*!40101 SET @saved_cs_client     = @@character_set_client */;
/*!50503 SET character_set_client = utf8mb4 */;
CREATE TABLE `quiz_config` (
  `quiz_id` int NOT NULL,
  `module_id` int NOT NULL,
  `num_of_question` int DEFAULT NULL,
  PRIMARY KEY (`quiz_id`,`module_id`),
  KEY `module_id` (`module_id`),
  CONSTRAINT `quiz_config_ibfk_1` FOREIGN KEY (`quiz_id`) REFERENCES `quiz` (`quiz_id`),
  CONSTRAINT `quiz_config_ibfk_2` FOREIGN KEY (`module_id`) REFERENCES `module` (`module_id`)
) ENGINE=InnoDB DEFAULT CHARSET=utf8mb4 COLLATE=utf8mb4_0900_ai_ci;
/*!40101 SET character_set_client = @saved_cs_client */;

--
-- Dumping data for table `quiz_config`
--

LOCK TABLES `quiz_config` WRITE;
/*!40000 ALTER TABLE `quiz_config` DISABLE KEYS */;
/*!40000 ALTER TABLE `quiz_config` ENABLE KEYS */;
UNLOCK TABLES;

--
-- Table structure for table `quiz_question`
--

DROP TABLE IF EXISTS `quiz_question`;
/*!40101 SET @saved_cs_client     = @@character_set_client */;
/*!50503 SET character_set_client = utf8mb4 */;
CREATE TABLE `quiz_question` (
  `quiz_question_id` int NOT NULL AUTO_INCREMENT,
  `quiz_id` int NOT NULL,
  `question_id` int NOT NULL,
  `group_id` int DEFAULT NULL,
  `order_index` int DEFAULT NULL,
  `points` decimal(5,2) DEFAULT NULL,
  `skill` varchar(20) DEFAULT NULL,
  PRIMARY KEY (`quiz_question_id`),
  KEY `quiz_id` (`quiz_id`),
  KEY `question_id` (`question_id`),
  KEY `group_id` (`group_id`),
  CONSTRAINT `quiz_question_ibfk_1` FOREIGN KEY (`quiz_id`) REFERENCES `quiz` (`quiz_id`),
  CONSTRAINT `quiz_question_ibfk_2` FOREIGN KEY (`question_id`) REFERENCES `question` (`question_id`),
  CONSTRAINT `quiz_question_ibfk_3` FOREIGN KEY (`group_id`) REFERENCES `question_group` (`group_id`)
) ENGINE=InnoDB AUTO_INCREMENT=209 DEFAULT CHARSET=utf8mb4 COLLATE=utf8mb4_0900_ai_ci;
/*!40101 SET character_set_client = @saved_cs_client */;

--
-- Dumping data for table `quiz_question`
--

LOCK TABLES `quiz_question` WRITE;
/*!40000 ALTER TABLE `quiz_question` DISABLE KEYS */;
INSERT INTO `quiz_question` VALUES (1,1,2,NULL,1,5.00,NULL),(2,2,1,NULL,1,2.00,NULL),(3,3,4,NULL,1,10.00,NULL),(4,4,3,NULL,1,1.00,NULL),(5,5,5,NULL,1,1.00,NULL),(6,6,6,NULL,1,1.00,NULL),(7,9,2,NULL,1,1.00,NULL),(8,9,6,NULL,2,1.00,NULL),(9,18,1,NULL,1,1.00,NULL),(10,18,9,NULL,2,1.00,NULL),(11,18,8,NULL,3,1.00,NULL),(12,18,4,NULL,4,1.00,NULL),(13,18,10,NULL,5,1.00,NULL),(14,19,23,NULL,1,1.00,NULL),(15,19,24,NULL,2,1.00,NULL),(16,19,25,NULL,3,1.00,NULL),(17,19,26,NULL,4,1.00,NULL),(18,19,27,NULL,5,1.00,NULL),(19,19,28,NULL,6,1.00,NULL),(20,19,29,NULL,7,1.00,NULL),(21,19,30,NULL,8,1.00,NULL),(22,19,31,NULL,9,1.00,NULL),(23,19,32,NULL,10,1.00,NULL),(24,19,33,NULL,11,1.00,NULL),(25,19,34,NULL,12,1.00,NULL),(26,19,35,NULL,13,1.00,NULL),(27,19,36,NULL,14,1.00,NULL),(28,20,37,NULL,1,1.00,NULL),(29,20,38,NULL,2,1.00,NULL),(30,20,39,NULL,3,1.00,NULL),(31,20,40,NULL,4,1.00,NULL),(32,20,41,NULL,5,1.00,NULL),(33,22,42,NULL,1,1.00,NULL),(34,22,43,NULL,2,1.00,NULL),(35,22,44,NULL,3,1.00,NULL),(36,22,45,NULL,4,1.00,NULL),(37,22,46,NULL,5,1.00,NULL),(38,23,47,NULL,1,1.00,NULL),(39,23,48,NULL,2,1.00,NULL),(40,23,49,NULL,3,1.00,NULL),(41,23,50,NULL,4,1.00,NULL),(42,23,51,NULL,5,1.00,NULL),(43,24,52,NULL,1,1.00,NULL),(44,24,53,NULL,2,1.00,NULL),(45,24,54,NULL,3,1.00,NULL),(46,24,55,NULL,4,1.00,NULL),(47,24,56,NULL,5,1.00,NULL),(48,25,2,NULL,1,1.00,'READING'),(49,25,3,NULL,2,1.00,'READING'),(50,25,9,NULL,3,1.00,'READING'),(51,25,7,NULL,4,1.00,'READING'),(52,25,8,NULL,1,1.00,'WRITING'),(53,25,11,NULL,2,1.00,'WRITING'),(54,25,14,NULL,3,1.00,'WRITING'),(55,26,11,NULL,1,1.00,'WRITING'),(65,46,65,NULL,1,1.00,NULL),(66,46,64,NULL,2,1.00,NULL),(67,46,63,NULL,3,1.00,NULL),(68,46,62,NULL,4,1.00,NULL),(69,46,61,NULL,5,1.00,NULL),(70,46,60,NULL,6,1.00,NULL),(71,46,59,NULL,7,1.00,NULL),(73,47,59,NULL,1,1.00,NULL),(74,47,10,NULL,2,1.00,NULL),(75,47,1,1,3,1.00,NULL),(76,48,65,NULL,1,1.00,NULL),(77,48,64,NULL,2,1.00,NULL),(78,48,63,NULL,3,1.00,NULL),(79,48,62,NULL,4,1.00,NULL),(80,48,61,NULL,5,1.00,NULL),(81,48,60,NULL,6,1.00,NULL),(82,48,59,NULL,7,1.00,NULL),(83,48,58,NULL,8,1.00,NULL),(84,48,57,NULL,9,1.00,NULL),(85,49,65,NULL,1,1.00,NULL),(86,49,64,NULL,2,1.00,NULL),(87,50,65,NULL,1,1.00,NULL),(88,50,64,NULL,2,1.00,NULL),(89,50,63,NULL,3,1.00,NULL),(90,50,62,NULL,4,1.00,NULL),(91,50,61,NULL,5,1.00,NULL),(92,50,60,NULL,6,1.00,NULL),(93,50,59,NULL,7,1.00,NULL),(94,50,58,NULL,8,1.00,NULL),(95,49,70,NULL,3,1.00,NULL),(96,49,62,NULL,4,1.00,NULL),(97,49,58,NULL,5,1.00,NULL),(98,49,71,NULL,6,1.00,NULL),(99,49,59,NULL,7,1.00,NULL),(100,57,1,NULL,1,1.00,NULL),(101,58,75,46,1,1.00,NULL),(102,58,76,46,2,1.00,NULL),(103,58,77,46,3,1.00,NULL),(104,58,78,46,4,1.00,NULL),(105,59,79,NULL,1,1.00,NULL),(106,59,80,NULL,2,1.00,NULL),(107,59,81,NULL,3,1.00,NULL),(108,62,83,NULL,1,1.00,NULL),(109,62,84,NULL,2,1.00,NULL),(110,62,85,NULL,3,1.00,NULL),(111,64,86,50,1,1.00,NULL),(112,64,87,50,2,1.00,NULL),(113,64,88,50,3,1.00,NULL),(114,65,89,NULL,1,1.00,NULL),(115,65,90,NULL,2,1.00,NULL),(116,65,91,NULL,3,1.00,NULL),(117,65,92,NULL,4,1.00,NULL),(118,65,93,NULL,5,1.00,NULL),(119,71,83,49,1,1.00,NULL),(120,71,84,49,2,1.00,NULL),(121,71,85,49,3,1.00,NULL),(122,71,80,NULL,4,1.00,NULL),(123,71,79,NULL,5,1.00,NULL),(124,71,75,46,6,1.00,NULL),(125,71,76,46,7,1.00,NULL),(126,71,77,46,8,1.00,NULL),(127,71,78,46,9,1.00,NULL),(128,71,22,NULL,10,1.00,NULL),(129,71,16,NULL,11,1.00,NULL),(130,71,58,NULL,12,1.00,NULL),(131,77,94,51,1,1.00,NULL),(132,77,95,51,2,1.00,NULL),(133,77,96,51,3,1.00,NULL),(134,77,97,51,4,1.00,NULL),(135,77,98,51,5,1.00,NULL),(136,81,99,NULL,1,1.00,NULL),(137,81,100,NULL,2,1.00,NULL),(138,81,101,NULL,3,1.00,NULL),(139,81,102,NULL,4,1.00,NULL),(140,81,103,NULL,5,1.00,NULL),(141,81,73,NULL,6,1.00,NULL),(142,81,72,NULL,7,1.00,NULL),(143,81,80,NULL,8,1.00,NULL),(144,81,79,NULL,9,1.00,NULL),(145,81,70,NULL,10,1.00,NULL),(146,81,62,NULL,11,1.00,NULL),(147,82,101,NULL,1,1.00,NULL),(148,82,100,NULL,2,1.00,NULL),(149,82,99,NULL,3,1.00,NULL),(150,82,83,49,4,1.00,NULL),(151,82,84,49,5,1.00,NULL),(152,82,85,49,6,1.00,NULL),(153,82,68,NULL,7,1.00,NULL),(154,82,66,NULL,8,1.00,NULL),(155,82,65,NULL,9,1.00,NULL),(156,82,63,NULL,10,1.00,NULL),(157,82,74,NULL,11,1.00,NULL),(158,82,69,NULL,12,1.00,NULL),(159,82,67,NULL,13,1.00,NULL),(160,82,64,NULL,14,1.00,NULL),(161,82,70,NULL,15,1.00,NULL),(162,82,62,NULL,16,1.00,NULL),(163,82,58,NULL,17,1.00,NULL),(164,84,3,NULL,1,1.00,NULL),(165,84,60,NULL,2,1.00,NULL),(166,84,105,NULL,3,1.00,NULL),(167,84,106,NULL,4,1.00,NULL),(168,84,107,NULL,5,1.00,NULL),(169,84,13,NULL,6,1.00,NULL),(175,85,75,46,1,1.00,NULL),(176,85,76,46,2,1.00,NULL),(177,85,77,46,3,1.00,NULL),(178,85,78,46,4,1.00,NULL),(179,86,104,NULL,1,1.00,NULL),(185,90,113,53,1,1.00,NULL),(186,90,114,53,2,1.00,NULL),(187,90,115,53,3,1.00,NULL),(188,90,116,53,4,1.00,NULL),(189,90,117,53,5,1.00,NULL),(191,90,118,54,6,1.00,NULL),(192,90,119,54,7,1.00,NULL),(193,90,120,54,8,1.00,NULL),(194,90,121,NULL,9,1.00,NULL),(195,90,13,NULL,10,1.00,NULL),(197,91,108,52,1,1.00,NULL),(198,91,109,52,2,1.00,NULL),(199,91,110,52,3,1.00,NULL),(200,91,111,52,4,1.00,NULL),(201,91,112,52,5,1.00,NULL),(202,91,75,46,6,1.00,NULL),(203,91,76,46,7,1.00,NULL),(204,91,77,46,8,1.00,NULL),(205,91,78,46,9,1.00,NULL),(207,91,122,NULL,10,1.00,NULL),(208,91,58,NULL,11,1.00,NULL);
/*!40000 ALTER TABLE `quiz_question` ENABLE KEYS */;
UNLOCK TABLES;

--
-- Table structure for table `quiz_result`
--

DROP TABLE IF EXISTS `quiz_result`;
/*!40101 SET @saved_cs_client     = @@character_set_client */;
/*!50503 SET character_set_client = utf8mb4 */;
CREATE TABLE `quiz_result` (
  `result_id` int NOT NULL AUTO_INCREMENT,
  `quiz_id` int NOT NULL,
  `user_id` int NOT NULL,
  `correct_rate` decimal(5,2) DEFAULT NULL,
  `submitted_at` datetime(6) DEFAULT NULL,
  `passed` bit(1) DEFAULT NULL,
  `score` int DEFAULT NULL,
  `assignment_session_id` bigint DEFAULT NULL,
  `section_scores` json DEFAULT NULL,
  `started_at` datetime(6) DEFAULT NULL,
  `status` varchar(30) DEFAULT NULL,
  `violation_log` text,
  `is_unlock_requested` bit(1) DEFAULT NULL,
  `student_appeal_reason` text,
  `violation_count` int DEFAULT NULL,
  `overall_band` decimal(3,1) DEFAULT NULL,
  `external_submission_link` text,
  `external_submission_note` text,
  PRIMARY KEY (`result_id`),
  KEY `quiz_id` (`quiz_id`),
  KEY `user_id` (`user_id`),
  CONSTRAINT `quiz_result_ibfk_1` FOREIGN KEY (`quiz_id`) REFERENCES `quiz` (`quiz_id`),
  CONSTRAINT `quiz_result_ibfk_2` FOREIGN KEY (`user_id`) REFERENCES `user` (`user_id`)
) ENGINE=InnoDB AUTO_INCREMENT=37 DEFAULT CHARSET=utf8mb4 COLLATE=utf8mb4_0900_ai_ci;
/*!40101 SET character_set_client = @saved_cs_client */;

--
-- Dumping data for table `quiz_result`
--

LOCK TABLES `quiz_result` WRITE;
/*!40000 ALTER TABLE `quiz_result` DISABLE KEYS */;
INSERT INTO `quiz_result` VALUES (1,1,21,85.00,'2026-04-14 20:25:36.000000',_binary '',85,NULL,NULL,'2026-04-14 20:25:36.000000','SUBMITTED',NULL,NULL,NULL,NULL,NULL,NULL,NULL),(2,1,22,45.00,'2026-04-14 20:25:36.000000',_binary '\0',45,NULL,NULL,'2026-04-14 20:25:36.000000','SUBMITTED',NULL,NULL,NULL,NULL,NULL,NULL,NULL),(3,2,23,90.00,'2026-04-14 20:25:36.000000',_binary '',90,NULL,NULL,'2026-04-14 20:25:36.000000','SUBMITTED',NULL,NULL,NULL,NULL,NULL,NULL,NULL),(4,1,21,0.00,'2026-04-17 15:08:51.030687',_binary '\0',0,NULL,'{\"READING\": 0.0}',NULL,'GRADED',NULL,_binary '\0',NULL,0,0.0,NULL,NULL),(5,24,21,20.00,'2026-04-18 06:05:19.362526',_binary '\0',1,NULL,'{\"READING\": 3.5}',NULL,'SUBMITTED',NULL,_binary '\0',NULL,0,3.5,NULL,NULL),(6,24,21,NULL,NULL,NULL,NULL,NULL,'{}','2026-04-18 06:19:05.271550','GRADED','[13:19:05] Vi phạm lần 1: Chuyển tab hoặc rời trình duyệt',_binary '\0',NULL,1,0.0,NULL,NULL),(7,24,21,0.00,'2026-04-18 06:21:59.672834',_binary '\0',0,NULL,'{\"READING\": 0.0}',NULL,'GRADED',NULL,_binary '\0',NULL,0,0.0,NULL,NULL),(8,24,21,60.00,'2026-04-18 06:22:57.970391',_binary '\0',3,NULL,'{\"READING\": 6.0}',NULL,'GRADED',NULL,_binary '\0',NULL,0,6.0,NULL,NULL),(9,1,11,0.00,'2026-04-18 19:21:53.149849',_binary '\0',0,1,'{\"READING\": 0.0, \"LISTENING\": 0.0}',NULL,NULL,NULL,_binary '\0',NULL,0,NULL,NULL,NULL),(10,46,21,NULL,NULL,NULL,NULL,NULL,NULL,'2026-04-19 06:53:04.366653','IN_PROGRESS','[13:53:04] Vi phạm lần 1: Chuyển tab hoặc rời trình duyệt\n[00:04:16] Vi phạm lần 2: Chuyển tab hoặc rời trình duyệt',_binary '\0',NULL,2,NULL,NULL,NULL),(11,46,21,0.00,'2026-04-19 06:53:53.579215',_binary '\0',0,NULL,'{\"READING\": 0.0, \"WRITING\": 0.0, \"SPEAKING\": 0.0, \"LISTENING\": 0.0}',NULL,'GRADED',NULL,_binary '\0',NULL,0,0.0,NULL,NULL),(13,58,21,50.00,'2026-04-19 11:48:50.293467',_binary '\0',2,NULL,'{\"LISTENING\": 5.5}',NULL,'GRADED',NULL,_binary '\0',NULL,0,5.5,NULL,NULL),(14,59,21,0.00,'2026-04-20 10:27:20.280246',_binary '\0',0,NULL,'{\"WRITING\": 0.0}',NULL,'SUBMITTED',NULL,_binary '\0',NULL,0,0.0,NULL,NULL),(15,59,21,NULL,NULL,NULL,NULL,NULL,'{}','2026-04-20 10:27:36.251538','GRADED','[17:27:36] Vi phạm lần 1: Chuyển tab hoặc rời trình duyệt',_binary '\0',NULL,1,0.0,NULL,NULL),(16,58,21,NULL,'2026-04-20 10:32:12.946262',NULL,NULL,NULL,NULL,'2026-04-20 10:27:42.711933','LOCKED','[17:27:42] Vi phạm lần 1: Chuyển tab hoặc rời trình duyệt\n[17:28:13] Vi phạm lần 2: Chuyển tab hoặc rời trình duyệt\n[17:32:12] Vi phạm lần 3: Chuyển tab hoặc rời trình duyệt',_binary '\0',NULL,3,NULL,NULL,NULL),(17,62,21,NULL,'2026-04-20 15:29:31.040615',NULL,NULL,NULL,NULL,'2026-04-20 15:23:25.446554','LOCKED','[22:23:25] Vi phạm lần 1: Chuyển tab hoặc rời trình duyệt\n[22:24:13] Vi phạm lần 2: Chuyển tab hoặc rời trình duyệt\n[22:29:31] Vi phạm lần 3: Chuyển tab hoặc rời trình duyệt',_binary '','1213',3,NULL,NULL,NULL),(18,62,21,0.00,'2026-04-20 15:24:26.526048',_binary '\0',0,NULL,'{\"LISTENING\": 0.0}',NULL,'GRADED',NULL,_binary '\0',NULL,0,0.0,NULL,NULL),(19,62,21,0.00,'2026-04-20 15:25:05.385943',_binary '\0',0,NULL,'{\"LISTENING\": 0.0}',NULL,'GRADED',NULL,_binary '\0',NULL,0,0.0,NULL,NULL),(20,46,21,114.29,'2026-04-20 17:04:25.897849',_binary '',8,NULL,'{\"READING\": 0.0, \"WRITING\": 27.0, \"SPEAKING\": 18.0, \"LISTENING\": 0.0}',NULL,'SUBMITTED',NULL,_binary '\0',NULL,0,11.5,NULL,NULL),(21,46,21,28.57,'2026-04-20 17:11:42.369241',_binary '\0',2,NULL,'{\"READING\": 0.0, \"WRITING\": 0.0, \"SPEAKING\": 18.0, \"LISTENING\": 0.0}',NULL,'SUBMITTED',NULL,_binary '\0',NULL,0,4.5,NULL,NULL),(22,65,21,NULL,'2026-04-20 17:35:04.185075',NULL,NULL,NULL,NULL,'2026-04-20 17:34:48.388121','LOCKED','[00:34:48] Vi phạm lần 1: Chuyển tab hoặc rời trình duyệt\n[00:34:52] Vi phạm lần 2: Chuyển tab hoặc rời trình duyệt\n[00:35:04] Vi phạm lần 3: Chuyển tab hoặc rời trình duyệt',_binary '\0',NULL,3,NULL,NULL,NULL),(23,49,21,128.57,'2026-04-21 05:09:35.932960',_binary '',9,NULL,'{\"READING\": 0.0, \"WRITING\": 18.0, \"SPEAKING\": 18.0, \"LISTENING\": 5.5}',NULL,'SUBMITTED',NULL,_binary '\0',NULL,0,10.5,NULL,NULL),(24,50,21,87.50,'2026-04-21 05:37:02.556840',_binary '',7,NULL,'{\"READING\": 4.5, \"WRITING\": 18.0, \"SPEAKING\": 9.0, \"LISTENING\": 0.0}',NULL,'SUBMITTED',NULL,_binary '\0',NULL,0,8.0,NULL,NULL),(26,49,22,NULL,NULL,NULL,NULL,NULL,NULL,'2026-04-21 06:05:57.815074','IN_PROGRESS','[13:05:57] Vi phạm lần 1: Chuyển tab hoặc rời trình duyệt',_binary '\0',NULL,1,NULL,NULL,NULL),(27,50,22,100.00,'2026-04-21 06:08:02.612503',_binary '',8,NULL,'{\"READING\": 0.0, \"WRITING\": 18.0, \"SPEAKING\": 18.0, \"LISTENING\": 0.0}',NULL,'GRADED',NULL,_binary '\0',NULL,0,9.0,NULL,NULL),(28,77,21,NULL,NULL,NULL,NULL,NULL,NULL,'2026-04-21 10:35:47.934613','IN_PROGRESS','[17:35:47] Vi phạm lần 1: Chuyển tab hoặc rời trình duyệt\n[17:36:18] Vi phạm lần 2: Chuyển tab hoặc rời trình duyệt',_binary '\0',NULL,2,NULL,NULL,NULL),(29,77,21,100.00,'2026-04-21 10:36:40.787962',_binary '',5,NULL,'{\"LISTENING\": 9.0}',NULL,'GRADED',NULL,_binary '\0',NULL,0,9.0,NULL,NULL),(30,81,21,54.55,'2026-04-21 18:45:58.502755',_binary '\0',6,NULL,'{\"READING\": 0.0, \"WRITING\": 4.0, \"SPEAKING\": 7.5, \"LISTENING\": 1.0}',NULL,'GRADED',NULL,_binary '\0',NULL,0,3.0,NULL,NULL),(31,82,21,NULL,NULL,NULL,NULL,NULL,NULL,'2026-04-22 13:24:50.045839','IN_PROGRESS','[20:24:50] Vi phạm lần 1: Chuyển tab hoặc rời trình duyệt',_binary '\0',NULL,1,NULL,NULL,NULL),(32,82,21,47.06,'2026-04-22 13:26:17.589379',_binary '\0',8,NULL,'{\"READING\": 0.0, \"WRITING\": 4.5, \"SPEAKING\": 6.333333333333333, \"LISTENING\": 1.5}',NULL,'GRADED',NULL,_binary '\0',NULL,0,3.0,NULL,NULL),(33,71,21,59.26,'2026-04-27 03:37:37.599646',_binary '\0',7,NULL,'{\"READING\": 2.0, \"WRITING\": 4.0, \"SPEAKING\": 1.0, \"LISTENING\": 3.0}',NULL,'GRADED',NULL,_binary '\0',NULL,0,2.5,NULL,NULL),(34,90,21,20.00,'2026-04-27 13:26:51.376745',NULL,2,NULL,'{\"READING\": 2.0, \"WRITING\": 0.0, \"SPEAKING\": 0.0, \"LISTENING\": 0.0}',NULL,'SUBMITTED',NULL,_binary '\0',NULL,0,0.5,NULL,NULL),(35,91,21,NULL,NULL,NULL,NULL,NULL,NULL,'2026-04-27 15:41:03.382462','IN_PROGRESS','[22:41:03] Vi phạm lần 1: Chuyển tab hoặc rời trình duyệt',_binary '\0',NULL,1,NULL,NULL,NULL),(36,91,21,63.64,'2026-04-27 15:41:45.291517',_binary '\0',7,NULL,'{\"READING\": 1.0, \"WRITING\": 2.0, \"SPEAKING\": 2.0, \"LISTENING\": 2.0}',NULL,'GRADED',NULL,_binary '\0',NULL,0,2.0,NULL,NULL);
/*!40000 ALTER TABLE `quiz_result` ENABLE KEYS */;
UNLOCK TABLES;

--
-- Table structure for table `registration`
--

DROP TABLE IF EXISTS `registration`;
/*!40101 SET @saved_cs_client     = @@character_set_client */;
/*!50503 SET character_set_client = utf8mb4 */;
CREATE TABLE `registration` (
  `registration_id` int NOT NULL AUTO_INCREMENT,
  `user_id` int NOT NULL,
  `class_id` int NOT NULL,
  `course_id` int NOT NULL,
  `registration_time` datetime DEFAULT CURRENT_TIMESTAMP,
  `registration_price` decimal(38,2) DEFAULT NULL,
  `status` varchar(50) DEFAULT NULL,
  `note` text,
  `payment_status` varchar(50) DEFAULT NULL,
  `payos_payment_link_id` bigint DEFAULT NULL,
  PRIMARY KEY (`registration_id`),
  KEY `user_id` (`user_id`),
  KEY `class_id` (`class_id`),
  KEY `course_id` (`course_id`),
  CONSTRAINT `registration_ibfk_1` FOREIGN KEY (`user_id`) REFERENCES `user` (`user_id`),
  CONSTRAINT `registration_ibfk_2` FOREIGN KEY (`class_id`) REFERENCES `class` (`class_id`),
  CONSTRAINT `registration_ibfk_3` FOREIGN KEY (`course_id`) REFERENCES `course` (`course_id`)
) ENGINE=InnoDB AUTO_INCREMENT=12 DEFAULT CHARSET=utf8mb4 COLLATE=utf8mb4_0900_ai_ci;
/*!40101 SET character_set_client = @saved_cs_client */;

--
-- Dumping data for table `registration`
--

LOCK TABLES `registration` WRITE;
/*!40000 ALTER TABLE `registration` DISABLE KEYS */;
INSERT INTO `registration` VALUES (1,21,1,1,'2026-04-14 20:25:36',3200000.00,'Approved',NULL,NULL,NULL),(2,22,1,1,'2026-04-14 20:25:36',3200000.00,'Approved',NULL,NULL,NULL),(3,23,1,1,'2026-04-14 20:25:36',3200000.00,'Approved',NULL,NULL,NULL),(4,24,2,1,'2026-04-14 20:25:36',3200000.00,'Approved',NULL,NULL,NULL),(5,25,3,5,'2026-04-14 20:25:36',800000.00,'Approved',NULL,NULL,NULL),(6,31,1,1,'2026-04-17 12:19:16',1.00,'Cancelled','Đăng ký trực tuyến, chờ thanh toán PayOS',NULL,NULL),(7,31,1,1,'2026-04-17 12:19:24',1.00,'Cancelled','Đăng ký trực tuyến, chờ thanh toán PayOS',NULL,NULL),(8,31,1,1,'2026-04-17 12:21:38',1.00,'PENDING','Đăng ký trực tuyến, chờ thanh toán PayOS',NULL,NULL),(9,32,1,1,'2026-04-17 12:24:34',10000.00,'Cancelled','123',NULL,NULL),(10,35,1,1,'2026-04-17 16:37:59',10000.00,'Submitted','Đăng ký trực tuyến, chờ thanh toán PayOS',NULL,NULL),(11,32,1,1,'2026-04-17 16:43:56',10000.00,'Submitted','Đăng ký trực tuyến, chờ thanh toán PayOS',NULL,NULL);
/*!40000 ALTER TABLE `registration` ENABLE KEYS */;
UNLOCK TABLES;

--
-- Table structure for table `reschedule_request`
--

DROP TABLE IF EXISTS `reschedule_request`;
/*!40101 SET @saved_cs_client     = @@character_set_client */;
/*!50503 SET character_set_client = utf8mb4 */;
CREATE TABLE `reschedule_request` (
  `id` int NOT NULL AUTO_INCREMENT,
  `created_at` datetime(6) DEFAULT NULL,
  `manager_note` text,
  `new_date` datetime(6) DEFAULT NULL,
  `new_start_time` varchar(255) DEFAULT NULL,
  `old_date` datetime(6) DEFAULT NULL,
  `old_start_time` varchar(255) DEFAULT NULL,
  `reason` text,
  `status` varchar(20) DEFAULT NULL,
  `created_by` int DEFAULT NULL,
  `session_id` int NOT NULL,
  PRIMARY KEY (`id`),
  KEY `FKotryudmviql07jo19moa3g4fy` (`created_by`),
  KEY `FK6b4y3cwml21u00q0s2kemncar` (`session_id`),
  CONSTRAINT `FK6b4y3cwml21u00q0s2kemncar` FOREIGN KEY (`session_id`) REFERENCES `class_session` (`session_id`),
  CONSTRAINT `FKotryudmviql07jo19moa3g4fy` FOREIGN KEY (`created_by`) REFERENCES `user` (`user_id`)
) ENGINE=InnoDB AUTO_INCREMENT=3 DEFAULT CHARSET=utf8mb4 COLLATE=utf8mb4_0900_ai_ci;
/*!40101 SET character_set_client = @saved_cs_client */;

--
-- Dumping data for table `reschedule_request`
--

LOCK TABLES `reschedule_request` WRITE;
/*!40000 ALTER TABLE `reschedule_request` DISABLE KEYS */;
INSERT INTO `reschedule_request` VALUES (2,'2026-04-19 12:30:11.660424',NULL,'2026-04-20 17:00:00.000000','09:00','2026-04-24 02:00:00.000000','09:00','123','PENDING',11,150);
/*!40000 ALTER TABLE `reschedule_request` ENABLE KEYS */;
UNLOCK TABLES;

--
-- Table structure for table `session_lesson`
--

DROP TABLE IF EXISTS `session_lesson`;
/*!40101 SET @saved_cs_client     = @@character_set_client */;
/*!50503 SET character_set_client = utf8mb4 */;
CREATE TABLE `session_lesson` (
  `id` int NOT NULL AUTO_INCREMENT,
  `order_index` int DEFAULT NULL,
  `lesson_id` int NOT NULL,
  `session_id` int NOT NULL,
  PRIMARY KEY (`id`),
  KEY `FKb416yyh23fg4p5h34ad10kl23` (`lesson_id`),
  KEY `FK1xd28teefq8a6pdmbpfefavbn` (`session_id`),
  CONSTRAINT `FK1xd28teefq8a6pdmbpfefavbn` FOREIGN KEY (`session_id`) REFERENCES `class_session` (`session_id`),
  CONSTRAINT `FKb416yyh23fg4p5h34ad10kl23` FOREIGN KEY (`lesson_id`) REFERENCES `lesson` (`lesson_id`)
) ENGINE=InnoDB AUTO_INCREMENT=38 DEFAULT CHARSET=utf8mb4 COLLATE=utf8mb4_0900_ai_ci;
/*!40101 SET character_set_client = @saved_cs_client */;

--
-- Dumping data for table `session_lesson`
--

LOCK TABLES `session_lesson` WRITE;
/*!40000 ALTER TABLE `session_lesson` DISABLE KEYS */;
INSERT INTO `session_lesson` VALUES (33,NULL,1,147),(34,NULL,2,148),(35,NULL,3,149),(36,NULL,4,150),(37,NULL,13,151);
/*!40000 ALTER TABLE `session_lesson` ENABLE KEYS */;
UNLOCK TABLES;

--
-- Table structure for table `session_quiz`
--

DROP TABLE IF EXISTS `session_quiz`;
/*!40101 SET @saved_cs_client     = @@character_set_client */;
/*!50503 SET character_set_client = utf8mb4 */;
CREATE TABLE `session_quiz` (
  `id` int NOT NULL AUTO_INCREMENT,
  `is_open` bit(1) DEFAULT NULL,
  `order_index` int DEFAULT NULL,
  `quiz_id` int NOT NULL,
  `session_id` int NOT NULL,
  `close_at` datetime(6) DEFAULT NULL,
  `open_at` datetime(6) DEFAULT NULL,
  `deadline` datetime(6) DEFAULT NULL,
  PRIMARY KEY (`id`),
  KEY `FKqblyxvmbdxk7e0gg0n860koyl` (`quiz_id`),
  KEY `FK20pwcrd4c20j6i7t991d3geeq` (`session_id`),
  CONSTRAINT `FK20pwcrd4c20j6i7t991d3geeq` FOREIGN KEY (`session_id`) REFERENCES `class_session` (`session_id`),
  CONSTRAINT `FKqblyxvmbdxk7e0gg0n860koyl` FOREIGN KEY (`quiz_id`) REFERENCES `quiz` (`quiz_id`)
) ENGINE=InnoDB AUTO_INCREMENT=30 DEFAULT CHARSET=utf8mb4 COLLATE=utf8mb4_0900_ai_ci;
/*!40101 SET character_set_client = @saved_cs_client */;

--
-- Dumping data for table `session_quiz`
--

LOCK TABLES `session_quiz` WRITE;
/*!40000 ALTER TABLE `session_quiz` DISABLE KEYS */;
INSERT INTO `session_quiz` VALUES (11,_binary '',1,24,147,NULL,NULL,NULL),(12,_binary '\0',2,25,147,NULL,NULL,NULL),(13,_binary '\0',3,26,147,NULL,NULL,NULL),(14,_binary '',2,1,162,NULL,NULL,NULL),(15,_binary '\0',5,46,148,NULL,NULL,NULL),(16,_binary '\0',7,49,148,NULL,NULL,NULL),(17,_binary '\0',8,50,148,NULL,NULL,NULL),(18,_binary '\0',5,57,147,NULL,NULL,NULL),(19,_binary '',1,58,148,NULL,NULL,NULL),(20,_binary '',2,59,148,NULL,NULL,NULL),(21,_binary '',3,62,148,NULL,NULL,NULL),(22,_binary '',5,65,148,NULL,NULL,NULL),(23,_binary '',8,77,148,NULL,NULL,NULL),(24,_binary '\0',9,81,148,NULL,NULL,NULL),(25,_binary '\0',1,82,149,NULL,NULL,NULL),(26,_binary '\0',5,71,147,NULL,NULL,NULL),(27,_binary '\0',2,84,149,NULL,NULL,NULL),(28,_binary '',10,90,148,NULL,NULL,NULL),(29,_binary '',11,91,148,NULL,NULL,NULL);
/*!40000 ALTER TABLE `session_quiz` ENABLE KEYS */;
UNLOCK TABLES;

--
-- Table structure for table `setting`
--

DROP TABLE IF EXISTS `setting`;
/*!40101 SET @saved_cs_client     = @@character_set_client */;
/*!50503 SET character_set_client = utf8mb4 */;
CREATE TABLE `setting` (
  `setting_id` int NOT NULL AUTO_INCREMENT,
  `name` varchar(255) DEFAULT NULL,
  `value` varchar(255) DEFAULT NULL,
  `setting_type` varchar(255) DEFAULT NULL,
  `order_index` int DEFAULT NULL,
  `status` varchar(255) DEFAULT NULL,
  `description` varchar(255) DEFAULT NULL,
  PRIMARY KEY (`setting_id`)
) ENGINE=InnoDB AUTO_INCREMENT=74 DEFAULT CHARSET=utf8mb4 COLLATE=utf8mb4_0900_ai_ci;
/*!40101 SET character_set_client = @saved_cs_client */;

--
-- Dumping data for table `setting`
--

LOCK TABLES `setting` WRITE;
/*!40000 ALTER TABLE `setting` DISABLE KEYS */;
INSERT INTO `setting` VALUES (1,'Admin','ROLE_ADMIN','USER_ROLE',1,'Active',NULL),(2,'Teacher','ROLE_TEACHER','USER_ROLE',2,'Active',NULL),(3,'Expert','ROLE_EXPERT','USER_ROLE',3,'Active',NULL),(4,'Student','ROLE_STUDENT','USER_ROLE',4,'Active',NULL),(5,'IELTS Academic','CAT_IELTS_ACAD','COURSE_CATEGORY',1,'Active',NULL),(6,'IELTS General','CAT_IELTS_GEN','COURSE_CATEGORY',2,'Active',NULL),(7,'TOEIC','CAT_TOEIC','COURSE_CATEGORY',3,'Active',NULL),(8,'SAT Prep','CAT_SAT','COURSE_CATEGORY',4,'Active',NULL),(9,'Grammar','CAT_GRAMMAR','COURSE_CATEGORY',5,'Active',NULL),(10,'Vocabulary','CAT_VOCAB','COURSE_CATEGORY',6,'Active',NULL),(16,'Manager','ROLE_MANAGER','USER_ROLE',5,'Active',NULL),(21,'Listening','LISTENING','SKILL',0,'Active','Auto-synced from question table'),(22,'Reading','READING','SKILL',0,'Active','Auto-synced from question table'),(23,'Speaking','SPEAKING','SKILL',0,'Active','Auto-synced from question table'),(24,'Default','DEFAULT','SKILL',0,'Active','Auto-synced from question table'),(25,'Vocab','VOCAB','SKILL',0,'Active','Auto-synced from question table'),(26,'MULTIPLE CHOICE SINGLE','MULTIPLE_CHOICE_SINGLE','QUESTION_TYPE',0,'Active','Auto-synced from question table'),(27,'WRITING','WRITING','QUESTION_TYPE',0,'Active','Auto-synced from question table'),(28,'SPEAKING','SPEAKING','QUESTION_TYPE',0,'Active','Auto-synced from question table'),(29,'FILL IN BLANK','FILL_IN_BLANK','QUESTION_TYPE',0,'Active','Auto-synced from question table'),(32,'Writing','WRITING','SKILL',0,'Active','Auto-synced from question table'),(33,'MULTIPLE CHOICE MULTI','MULTIPLE_CHOICE_MULTI','QUESTION_TYPE',0,'Active','Auto-synced from question table'),(34,'MATCHING','MATCHING','QUESTION_TYPE',0,'Active','Auto-synced from question table'),(61,'3.0','3.0','CEFR_LEVEL',1,'ACTIVE',NULL),(62,'3.5','3.5','CEFR_LEVEL',2,'ACTIVE',NULL),(63,'4.0','4.0','CEFR_LEVEL',3,'ACTIVE',NULL),(64,'4.5','4.5','CEFR_LEVEL',4,'ACTIVE',NULL),(65,'5.0','5.0','CEFR_LEVEL',5,'ACTIVE',NULL),(66,'5.5','5.5','CEFR_LEVEL',6,'ACTIVE',NULL),(67,'6.0','6.0','CEFR_LEVEL',7,'ACTIVE',NULL),(68,'6.5','6.5','CEFR_LEVEL',8,'ACTIVE',NULL),(69,'7.0','7.0','CEFR_LEVEL',9,'ACTIVE',NULL),(70,'7.5','7.5','CEFR_LEVEL',10,'ACTIVE',NULL),(71,'8.0','8.0','CEFR_LEVEL',11,'ACTIVE',NULL),(72,'8.5','8.5','CEFR_LEVEL',12,'ACTIVE',NULL),(73,'9.0','9.0','CEFR_LEVEL',13,'ACTIVE',NULL);
/*!40000 ALTER TABLE `setting` ENABLE KEYS */;
UNLOCK TABLES;

--
-- Table structure for table `user`
--

DROP TABLE IF EXISTS `user`;
/*!40101 SET @saved_cs_client     = @@character_set_client */;
/*!50503 SET character_set_client = utf8mb4 */;
CREATE TABLE `user` (
  `user_id` int NOT NULL AUTO_INCREMENT,
  `full_name` varchar(100) DEFAULT NULL,
  `email` varchar(255) NOT NULL,
  `mobile` varchar(20) DEFAULT NULL,
  `password` varchar(255) NOT NULL,
  `role_id` int DEFAULT NULL,
  `avatar_url` varchar(255) DEFAULT NULL,
  `last_login` datetime DEFAULT NULL,
  `status` varchar(20) DEFAULT NULL,
  `note` text,
  `auth_provider` varchar(255) DEFAULT NULL,
  `city` varchar(100) DEFAULT NULL,
  `gender` varchar(10) DEFAULT NULL,
  `provider_id` varchar(255) DEFAULT NULL,
  `created_at` datetime(6) DEFAULT NULL,
  PRIMARY KEY (`user_id`),
  UNIQUE KEY `email` (`email`),
  KEY `role_id` (`role_id`),
  CONSTRAINT `user_ibfk_1` FOREIGN KEY (`role_id`) REFERENCES `setting` (`setting_id`)
) ENGINE=InnoDB AUTO_INCREMENT=36 DEFAULT CHARSET=utf8mb4 COLLATE=utf8mb4_0900_ai_ci;
/*!40101 SET character_set_client = @saved_cs_client */;

--
-- Dumping data for table `user`
--

LOCK TABLES `user` WRITE;
/*!40000 ALTER TABLE `user` DISABLE KEYS */;
INSERT INTO `user` VALUES (1,'System Administrator','admin@novalms.com',NULL,'$2a$12$yShXwZrgOKAVmUlGVeEVq.zeNawvrf0knZMTT0FYaQYBVwn/Zp/am',1,NULL,NULL,'Active',NULL,'LOCAL','Hanoi','Male',NULL,NULL),(2,'Official Manager','manager@novalms.com',NULL,'$2a$12$yShXwZrgOKAVmUlGVeEVq.zeNawvrf0knZMTT0FYaQYBVwn/Zp/am',16,'https://res.cloudinary.com/decqv3ed0/image/upload/v1776441105/file_bzw2z6.jpg',NULL,'Active',NULL,'LOCAL','HCMC','Female',NULL,NULL),(3,'Expert IELTS Reading','expert1@novalms.com',NULL,'$2a$12$yShXwZrgOKAVmUlGVeEVq.zeNawvrf0knZMTT0FYaQYBVwn/Zp/am',3,NULL,NULL,'Active',NULL,'LOCAL','Da Nang','Male',NULL,NULL),(4,'Expert IELTS Speaking','expert2@novalms.com',NULL,'$2a$12$yShXwZrgOKAVmUlGVeEVq.zeNawvrf0knZMTT0FYaQYBVwn/Zp/am',3,NULL,NULL,'Active',NULL,'LOCAL','Hanoi','Female',NULL,NULL),(5,'Expert SAT Math','expert3@novalms.com',NULL,'$2a$12$yShXwZrgOKAVmUlGVeEVq.zeNawvrf0knZMTT0FYaQYBVwn/Zp/am',3,NULL,NULL,'Active',NULL,'LOCAL','Can Tho','Male',NULL,NULL),(6,'Expert Vocabulary','expert4@novalms.com',NULL,'$2a$12$yShXwZrgOKAVmUlGVeEVq.zeNawvrf0knZMTT0FYaQYBVwn/Zp/am',3,NULL,NULL,'Active',NULL,'LOCAL','Hai Phong','Female',NULL,NULL),(7,'Expert TOEIC Master','expert5@novalms.com',NULL,'$2a$12$yShXwZrgOKAVmUlGVeEVq.zeNawvrf0knZMTT0FYaQYBVwn/Zp/am',3,NULL,NULL,'Active',NULL,'LOCAL','HCMC','Male',NULL,NULL),(8,'Expert Grammar','expert6@novalms.com',NULL,'$2a$12$yShXwZrgOKAVmUlGVeEVq.zeNawvrf0knZMTT0FYaQYBVwn/Zp/am',3,NULL,NULL,'Active',NULL,'LOCAL','Hanoi','Female',NULL,NULL),(9,'Sales Manager 1','manager1@novalms.com',NULL,'$2a$12$yShXwZrgOKAVmUlGVeEVq.zeNawvrf0knZMTT0FYaQYBVwn/Zp/am',16,NULL,NULL,'Active',NULL,'LOCAL','Da Nang','Male',NULL,NULL),(10,'Operations Manager 2','manager2@novalms.com',NULL,'$2a$12$yShXwZrgOKAVmUlGVeEVq.zeNawvrf0knZMTT0FYaQYBVwn/Zp/am',16,NULL,NULL,'Active',NULL,'LOCAL','Hanoi','Female',NULL,NULL),(11,'Teacher Nguyễn Văn A','teacher1@novalms.com',NULL,'$2a$12$yShXwZrgOKAVmUlGVeEVq.zeNawvrf0knZMTT0FYaQYBVwn/Zp/am',2,NULL,NULL,'Active',NULL,'LOCAL','Hanoi','Male',NULL,NULL),(12,'Teacher Trần Thị B','teacher2@novalms.com',NULL,'$2a$12$yShXwZrgOKAVmUlGVeEVq.zeNawvrf0knZMTT0FYaQYBVwn/Zp/am',2,NULL,NULL,'Active',NULL,'LOCAL','HCMC','Female',NULL,NULL),(13,'Teacher Lê Văn C','teacher3@novalms.com',NULL,'$2a$12$yShXwZrgOKAVmUlGVeEVq.zeNawvrf0knZMTT0FYaQYBVwn/Zp/am',2,NULL,NULL,'Active',NULL,'LOCAL','Da Nang','Male',NULL,NULL),(14,'Teacher Phạm Thu D','teacher4@novalms.com',NULL,'$2a$12$yShXwZrgOKAVmUlGVeEVq.zeNawvrf0knZMTT0FYaQYBVwn/Zp/am',2,NULL,NULL,'Active',NULL,'LOCAL','Hanoi','Female',NULL,NULL),(15,'Teacher Hoàng Anh E','teacher5@novalms.com',NULL,'$2a$12$yShXwZrgOKAVmUlGVeEVq.zeNawvrf0knZMTT0FYaQYBVwn/Zp/am',2,NULL,NULL,'Active',NULL,'LOCAL','HCMC','Male',NULL,NULL),(21,'Lê Anh Tú','student1@novalms.com',NULL,'$2a$12$yShXwZrgOKAVmUlGVeEVq.zeNawvrf0knZMTT0FYaQYBVwn/Zp/am',4,NULL,NULL,'Active',NULL,'LOCAL','Hanoi','Male',NULL,NULL),(22,'Phạm Minh Hằng','student2@novalms.com',NULL,'$2a$12$yShXwZrgOKAVmUlGVeEVq.zeNawvrf0knZMTT0FYaQYBVwn/Zp/am',4,NULL,NULL,'Active',NULL,'LOCAL','HCMC','Female',NULL,NULL),(23,'Trần Quốc Bảo','student3@novalms.com',NULL,'$2a$12$yShXwZrgOKAVmUlGVeEVq.zeNawvrf0knZMTT0FYaQYBVwn/Zp/am',4,NULL,NULL,'Active',NULL,'LOCAL','Da Nang','Male',NULL,NULL),(24,'Nguyễn Mai Phương','student4@novalms.com',NULL,'$2a$12$yShXwZrgOKAVmUlGVeEVq.zeNawvrf0knZMTT0FYaQYBVwn/Zp/am',4,NULL,NULL,'Active',NULL,'LOCAL','Hanoi','Female',NULL,NULL),(25,'Vũ Đình Trọng','student5@novalms.com',NULL,'$2a$12$yShXwZrgOKAVmUlGVeEVq.zeNawvrf0knZMTT0FYaQYBVwn/Zp/am',4,NULL,NULL,'Active',NULL,'LOCAL','Hue','Male',NULL,NULL),(26,'Đỗ Bích Thủy','student6@novalms.com',NULL,'$2a$12$yShXwZrgOKAVmUlGVeEVq.zeNawvrf0knZMTT0FYaQYBVwn/Zp/am',4,NULL,NULL,'Active',NULL,'LOCAL','Vinh','Female',NULL,NULL),(27,'Trương Văn Hải','student7@novalms.com',NULL,'$2a$12$yShXwZrgOKAVmUlGVeEVq.zeNawvrf0knZMTT0FYaQYBVwn/Zp/am',4,NULL,NULL,'Active',NULL,'LOCAL','HCMC','Male',NULL,NULL),(28,'Bùi Mỹ Linh','student8@novalms.com',NULL,'$2a$12$yShXwZrgOKAVmUlGVeEVq.zeNawvrf0knZMTT0FYaQYBVwn/Zp/am',4,NULL,NULL,'Active',NULL,'LOCAL','Can Tho','Female',NULL,NULL),(29,'Phan Nhật Tân','student9@novalms.com',NULL,'$2a$10$vI8A7vUb6YV.8/0vH5b.N.p0N.p0N.p0N.p0N.p0N.p0N.p0N.p0.',4,NULL,NULL,'Active',NULL,'LOCAL','Da Lat','Male',NULL,NULL),(30,'Lương Khánh Chi','student10@novalms.com',NULL,'$2a$10$vI8A7vUb6YV.8/0vH5b.N.p0N.p0N.p0N.p0N.p0N.p0N.p0N.p0.',4,NULL,NULL,'Active',NULL,'LOCAL','Hanoi','Female',NULL,NULL),(31,'Huy Nguyen','amshuuhuy10@gmail.com',NULL,'$2a$10$gqyvLPMhqTucB0PU1i62A.gAnHnF6dyi7XA3in5T8oUuTjWatQJVq',4,'https://lh3.googleusercontent.com/a/ACg8ocIIv9CKTl0x_h_EAWzijysGSg4mOV67ky3l6P9DM_9mNH7xivgV=s96-c','2026-04-17 16:43:38','Active',NULL,'GOOGLE',NULL,NULL,NULL,NULL),(32,'Heisenberg','huypersonal0312@gmail.com',NULL,'$2a$10$pGYWUv22h2pgI6k3iKUWJuOWdMMBfuCc7r.PODOhp/pSetfOI/Zq2',4,'https://lh3.googleusercontent.com/a/ACg8ocI62AqRgvqSvWoCaKlNaXooYKkrjW75LjgHuapF8Dws9DXAbw=s96-c','2026-04-17 16:43:50','Active',NULL,'GOOGLE',NULL,NULL,NULL,NULL),(33,'Heisenberg','huypersonal03212@gmail.com','0862031023','$2a$10$I1QsJpedlOCETYizo0UO..AXbdBYF.nFqRkK.PyM8834h3vzmDcke',NULL,NULL,NULL,'Active',NULL,'LOCAL',NULL,NULL,NULL,NULL),(34,'Nguyễn Thị Hồng','truonghuyn@gmail.com','0862021203','$2a$10$OJH5Pp1r7M9QKy7f9Mphu.KfLA26uk1U95ltQVyYNa8wXjMn0I/QW',NULL,NULL,NULL,'Active',NULL,'LOCAL',NULL,NULL,NULL,NULL),(35,'Tran Duc Thinh','firstaidfa115@gmail.com',NULL,'$2a$10$u4OgLjkC6DvgGBN57EFyw.T4kOhP7Ye1RRGX1Y/FrIY0XgooI//kK',4,NULL,NULL,'Active',NULL,'LOCAL','Other','Other',NULL,NULL);
/*!40000 ALTER TABLE `user` ENABLE KEYS */;
UNLOCK TABLES;

--
-- Table structure for table `user_learning_log`
--

DROP TABLE IF EXISTS `user_learning_log`;
/*!40101 SET @saved_cs_client     = @@character_set_client */;
/*!50503 SET character_set_client = utf8mb4 */;
CREATE TABLE `user_learning_log` (
  `id` int NOT NULL AUTO_INCREMENT,
  `learn_date` date NOT NULL,
  `time_spent_seconds` int DEFAULT '0',
  `user_id` int NOT NULL,
  PRIMARY KEY (`id`),
  UNIQUE KEY `uk_user_date` (`user_id`,`learn_date`),
  CONSTRAINT `FKbdwvt0xmhd64hmfol54htqtsy` FOREIGN KEY (`user_id`) REFERENCES `user` (`user_id`)
) ENGINE=InnoDB AUTO_INCREMENT=3 DEFAULT CHARSET=utf8mb4 COLLATE=utf8mb4_0900_ai_ci;
/*!40101 SET character_set_client = @saved_cs_client */;

--
-- Dumping data for table `user_learning_log`
--

LOCK TABLES `user_learning_log` WRITE;
/*!40000 ALTER TABLE `user_learning_log` DISABLE KEYS */;
INSERT INTO `user_learning_log` VALUES (1,'2026-04-14',3600,21),(2,'2026-04-14',1200,22);
/*!40000 ALTER TABLE `user_learning_log` ENABLE KEYS */;
UNLOCK TABLES;

--
-- Table structure for table `user_lesson`
--

DROP TABLE IF EXISTS `user_lesson`;
/*!40101 SET @saved_cs_client     = @@character_set_client */;
/*!50503 SET character_set_client = utf8mb4 */;
CREATE TABLE `user_lesson` (
  `user_id` int NOT NULL,
  `lesson_id` int NOT NULL,
  `status` varchar(255) DEFAULT NULL,
  PRIMARY KEY (`user_id`,`lesson_id`),
  KEY `lesson_id` (`lesson_id`),
  CONSTRAINT `user_lesson_ibfk_1` FOREIGN KEY (`user_id`) REFERENCES `user` (`user_id`),
  CONSTRAINT `user_lesson_ibfk_2` FOREIGN KEY (`lesson_id`) REFERENCES `lesson` (`lesson_id`)
) ENGINE=InnoDB DEFAULT CHARSET=utf8mb4 COLLATE=utf8mb4_0900_ai_ci;
/*!40101 SET character_set_client = @saved_cs_client */;

--
-- Dumping data for table `user_lesson`
--

LOCK TABLES `user_lesson` WRITE;
/*!40000 ALTER TABLE `user_lesson` DISABLE KEYS */;
INSERT INTO `user_lesson` VALUES (21,1,'Completed'),(21,2,'COMPLETED'),(21,13,'Completed'),(22,1,'IN_PROGRESS'),(22,13,'Completed');
/*!40000 ALTER TABLE `user_lesson` ENABLE KEYS */;
UNLOCK TABLES;

--
-- Table structure for table `visitor_log`
--

DROP TABLE IF EXISTS `visitor_log`;
/*!40101 SET @saved_cs_client     = @@character_set_client */;
/*!50503 SET character_set_client = utf8mb4 */;
CREATE TABLE `visitor_log` (
  `id` bigint NOT NULL AUTO_INCREMENT,
  `first_visit` datetime(6) DEFAULT NULL,
  `ip_address` varchar(50) DEFAULT NULL,
  `last_visit` datetime(6) DEFAULT NULL,
  `user_agent` varchar(500) DEFAULT NULL,
  `visitor_token` varchar(50) NOT NULL,
  `user_id` int DEFAULT NULL,
  PRIMARY KEY (`id`),
  UNIQUE KEY `UK2o5mkk54na60n8apbaabmpyhb` (`visitor_token`),
  KEY `FKqkqdhjxffve7sa1f81g1qn85d` (`user_id`),
  CONSTRAINT `FKqkqdhjxffve7sa1f81g1qn85d` FOREIGN KEY (`user_id`) REFERENCES `user` (`user_id`)
) ENGINE=InnoDB AUTO_INCREMENT=6 DEFAULT CHARSET=utf8mb4 COLLATE=utf8mb4_0900_ai_ci;
/*!40101 SET character_set_client = @saved_cs_client */;

--
-- Dumping data for table `visitor_log`
--

LOCK TABLES `visitor_log` WRITE;
/*!40000 ALTER TABLE `visitor_log` DISABLE KEYS */;
INSERT INTO `visitor_log` VALUES (1,'2026-04-26 16:02:02.759757','0:0:0:0:0:0:0:1','2026-04-27 16:53:04.810978','Mozilla/5.0 (Windows NT 10.0; Win64; x64) AppleWebKit/537.36 (KHTML, like Gecko) Chrome/147.0.0.0 Safari/537.36','b5bb5fa7-c049-43f3-9c7a-a8911dc9ba29',NULL),(2,'2026-04-26 17:42:33.444940','0:0:0:0:0:0:0:1','2026-04-27 13:26:51.426331','Mozilla/5.0 (Windows NT 10.0; Win64; x64) AppleWebKit/537.36 (KHTML, like Gecko) Chrome/147.0.0.0 Safari/537.36','dcc208d4-7a2f-4e84-a71a-5e2b2b963c6a',NULL),(3,'2026-04-27 03:30:27.945541','0:0:0:0:0:0:0:1','2026-04-27 15:37:59.129368','Mozilla/5.0 (Windows NT 10.0; Win64; x64) AppleWebKit/537.36 (KHTML, like Gecko) Chrome/147.0.0.0 Safari/537.36','25ffe1ef-674b-4840-82bc-0640a9539cd1',NULL),(4,'2026-04-27 05:36:52.970956','0:0:0:0:0:0:0:1','2026-04-27 13:25:08.920143','Mozilla/5.0 (Windows NT 10.0; Win64; x64) AppleWebKit/537.36 (KHTML, like Gecko) Chrome/147.0.0.0 Safari/537.36','8415af92-a54c-4045-83b7-ed5f91927c0e',NULL),(5,'2026-04-27 15:39:52.510054','0:0:0:0:0:0:0:1','2026-04-27 15:41:45.343284','Mozilla/5.0 (Windows NT 10.0; Win64; x64) AppleWebKit/537.36 (KHTML, like Gecko) Chrome/147.0.0.0 Safari/537.36','beb62de4-c04a-4593-ac69-bd84bc1f9629',NULL);
/*!40000 ALTER TABLE `visitor_log` ENABLE KEYS */;
UNLOCK TABLES;
/*!40103 SET TIME_ZONE=@OLD_TIME_ZONE */;

/*!40101 SET SQL_MODE=@OLD_SQL_MODE */;
/*!40014 SET FOREIGN_KEY_CHECKS=@OLD_FOREIGN_KEY_CHECKS */;
/*!40014 SET UNIQUE_CHECKS=@OLD_UNIQUE_CHECKS */;
/*!40101 SET CHARACTER_SET_CLIENT=@OLD_CHARACTER_SET_CLIENT */;
/*!40101 SET CHARACTER_SET_RESULTS=@OLD_CHARACTER_SET_RESULTS */;
/*!40101 SET COLLATION_CONNECTION=@OLD_COLLATION_CONNECTION */;
/*!40111 SET SQL_NOTES=@OLD_SQL_NOTES */;

-- Dump completed on 2026-04-28  5:38:21
